iso_time,monotonic_s,frame_count,replay_index,f_target_hz,Va_rms,Vb_rms,Vc_rms,Ib_rms,Ic_rms,f_Va,f_Vb,f_Vc,THD_Va,THD_Vb,THD_Vc,Ph_VbIb,Ph_VcIc,Pb,Qb,Sb,PFb,Pc,Qc,Sc,PFc,FREQ_alarm,UV_alarm,THD_alarm,dnp3_bytes
2026-07-14T15:45:22.435+00:00,0.057,84,0,50.0450,0.9946,0.7515,0.8615,0.54030,0.58470,49.9875,49.9950,49.9975,7.359,1.835,7.658,39.222,48.492,0.33660,0.27480,0.43460,0.7747,0.35010,0.39560,0.52830,0.6627,0,0,1,147
2026-07-14T15:45:23.395+00:00,1.016,85,1,50.0420,0.9947,0.7523,0.8580,0.54030,0.58410,49.9950,49.9925,49.9987,7.783,1.713,7.645,39.222,48.492,0.33690,0.27500,0.43480,0.7747,0.35100,0.39660,0.52970,0.6627,0,0,1,147
2026-07-14T15:45:24.355+00:00,1.977,86,1,50.0420,0.9991,0.7519,0.8582,0.54050,0.58400,50.0025,49.9825,50.0025,7.374,1.839,7.647,39.204,48.474,0.33730,0.27510,0.43530,0.7749,0.35090,0.39630,0.52940,0.6630,0,0,1,147
2026-07-14T15:45:25.316+00:00,2.937,87,2,50.0400,0.9943,0.7520,0.8588,0.54010,0.58410,50.0025,50.0000,49.9888,7.364,1.905,7.683,39.186,48.492,0.33750,0.27510,0.43540,0.7751,0.35070,0.39630,0.52920,0.6627,0,0,1,147
2026-07-14T15:45:26.275+00:00,3.896,88,3,50.0380,0.9947,0.7527,0.8606,0.54060,0.58440,49.9950,49.9950,49.9863,8.005,1.677,7.554,39.258,48.420,0.33580,0.27440,0.43370,0.7743,0.35110,0.39570,0.52900,0.6637,0,0,1,147
2026-07-14T15:45:27.236+00:00,4.857,89,4,50.0350,0.9947,0.7525,0.8580,0.54100,0.58460,49.9975,49.9850,49.9987,8.232,1.693,7.252,39.222,48.420,0.33600,0.27430,0.43370,0.7747,0.35040,0.39490,0.52790,0.6637,0,0,1,147
2026-07-14T15:45:28.196+00:00,5.818,90,5,50.0330,0.9947,0.7524,0.8587,0.54030,0.58520,50.0000,50.0025,49.9963,7.993,1.812,7.547,39.186,48.492,0.33670,0.27450,0.43440,0.7751,0.35000,0.39550,0.52820,0.6627,0,0,1,147
2026-07-14T15:45:29.156+00:00,6.777,91,6,50.0320,0.9948,0.7531,0.8618,0.54070,0.58470,49.9950,49.9950,49.9950,7.977,1.756,7.553,39.258,48.492,0.33680,0.27520,0.43490,0.7743,0.35070,0.39620,0.52910,0.6627,0,0,1,147
2026-07-14T15:45:30.116+00:00,7.737,92,7,50.0350,0.9950,0.7529,0.8611,0.53990,0.58410,49.9975,49.9975,50.0063,7.981,1.728,7.539,39.258,48.492,0.33680,0.27530,0.43500,0.7743,0.34990,0.39540,0.52800,0.6627,0,0,1,147
2026-07-14T15:45:31.077+00:00,8.698,93,8,50.0340,0.9949,0.7527,0.8609,0.53980,0.58430,50.0000,50.0000,49.9900,7.381,1.976,7.651,39.168,48.510,0.33850,0.27580,0.43660,0.7753,0.35020,0.39600,0.52860,0.6625,0,0,1,147
2026-07-14T15:45:32.036+00:00,9.657,94,9,50.0350,0.9947,0.7508,0.8582,0.54000,0.58360,49.9975,50.0050,49.9975,7.462,2.091,7.470,39.240,48.492,0.33900,0.27690,0.43770,0.7745,0.34980,0.39520,0.52780,0.6627,0,0,1,147
2026-07-14T15:45:32.997+00:00,10.618,95,10,50.0340,0.9942,0.7507,0.8617,0.54000,0.58340,49.9975,50.0050,49.9938,7.601,2.061,7.393,39.258,48.492,0.33850,0.27670,0.43720,0.7743,0.34990,0.39540,0.52800,0.6627,0,0,1,147
2026-07-14T15:45:33.957+00:00,11.579,96,11,50.0350,0.9942,0.7514,0.8609,0.53980,0.58320,50.0025,50.0000,50.0050,7.732,2.005,7.327,39.294,48.492,0.33810,0.27670,0.43690,0.7739,0.34970,0.39510,0.52760,0.6627,0,0,1,147
2026-07-14T15:45:34.916+00:00,12.538,97,12,50.0360,0.9947,0.7505,0.8615,0.54010,0.58340,49.9950,49.9975,49.9950,7.463,1.972,7.379,39.276,48.492,0.33820,0.27650,0.43680,0.7741,0.34960,0.39500,0.52750,0.6627,0,0,1,147
2026-07-14T15:45:35.877+00:00,13.498,98,13,50.0340,0.9943,0.7510,0.8613,0.53980,0.58350,50.0050,50.0000,50.0000,7.621,1.978,7.363,39.258,48.474,0.33860,0.27680,0.43730,0.7743,0.35010,0.39530,0.52800,0.6630,0,0,1,147
2026-07-14T15:45:36.838+00:00,14.459,99,14,50.0290,0.9946,0.7506,0.8607,0.54030,0.58340,50.0000,50.0000,49.9938,7.496,2.049,7.476,39.276,48.474,0.33830,0.27660,0.43700,0.7741,0.34940,0.39460,0.52710,0.6630,0,0,1,147
2026-07-14T15:45:37.797+00:00,15.418,100,15,50.0270,0.9943,0.7508,0.8605,0.54050,0.58360,49.9925,50.0050,49.9950,7.612,1.881,7.275,39.222,48.492,0.33920,0.27690,0.43790,0.7747,0.35030,0.39580,0.52850,0.6627,0,0,1,147
2026-07-14T15:45:38.757+00:00,16.379,101,16,50.0250,0.9942,0.7522,0.8637,0.53940,0.58320,50.0050,49.9975,50.0025,7.785,1.703,7.354,39.384,48.528,0.33830,0.27770,0.43770,0.7729,0.35040,0.39640,0.52910,0.6623,0,0,1,147
2026-07-14T15:45:39.717+00:00,17.339,102,17,50.0250,0.9944,0.7519,0.8602,0.53960,0.58290,50.0025,50.0025,49.9938,7.522,1.988,7.524,39.240,48.492,0.33900,0.27690,0.43770,0.7745,0.35010,0.39560,0.52830,0.6627,0,0,1,147
2026-07-14T15:45:40.677+00:00,18.299,103,18,50.0260,0.9942,0.7528,0.8609,0.54010,0.58400,49.9900,50.0050,50.0013,7.405,2.103,7.650,39.222,48.492,0.33840,0.27620,0.43680,0.7747,0.35050,0.39610,0.52890,0.6627,0,0,1,147
2026-07-14T15:45:41.638+00:00,19.259,104,19,50.0250,0.9947,0.7528,0.8612,0.53980,0.58350,50.0000,50.0025,49.9963,7.474,1.871,7.486,39.258,48.492,0.33920,0.27720,0.43810,0.7743,0.35050,0.39610,0.52890,0.6627,0,0,1,147
2026-07-14T15:45:42.598+00:00,20.220,105,20,50.0220,0.9946,0.7526,0.8614,0.54000,0.58380,50.0050,50.0000,49.9925,7.622,1.892,7.453,39.240,48.474,0.33940,0.27720,0.43820,0.7745,0.35060,0.39590,0.52880,0.6630,0,0,1,147
2026-07-14T15:45:43.559+00:00,21.181,106,21,50.0200,0.9942,0.7525,0.8609,0.54030,0.58290,50.0025,49.9925,50.0000,7.337,1.924,7.641,39.204,48.492,0.33940,0.27680,0.43790,0.7749,0.34960,0.39500,0.52750,0.6627,0,0,1,147
2026-07-14T15:45:44.518+00:00,22.140,107,22,50.0160,0.9940,0.7532,0.8580,0.53980,0.58320,49.9975,50.0000,49.9925,7.379,1.982,7.638,39.168,48.492,0.33920,0.27630,0.43750,0.7753,0.34960,0.39500,0.52750,0.6627,0,0,1,147
2026-07-14T15:45:45.478+00:00,23.099,108,23,50.0120,0.9945,0.7514,0.8576,0.53980,0.58340,49.9925,50.0000,50.0050,8.009,2.117,7.522,39.222,48.492,0.33860,0.27640,0.43710,0.7747,0.34960,0.39500,0.52750,0.6627,0,0,1,147
2026-07-14T15:45:46.439+00:00,24.060,109,24,50.0070,0.9948,0.7518,0.8604,0.54020,0.58370,50.0000,50.0025,49.9975,7.291,1.856,7.582,39.294,48.492,0.33900,0.27740,0.43810,0.7739,0.35010,0.39560,0.52830,0.6627,0,0,1,147
2026-07-14T15:45:47.399+00:00,25.021,110,25,50.0030,0.9941,0.7515,0.8601,0.53980,0.58330,50.0000,49.9950,50.0013,7.477,1.710,7.365,39.366,48.474,0.33870,0.27790,0.43810,0.7731,0.34970,0.39490,0.52750,0.6630,0,0,1,147
2026-07-14T15:45:48.359+00:00,25.980,111,25,50.0030,0.9906,0.7528,0.8602,0.54000,0.58300,49.9925,50.0025,49.9888,7.751,1.459,7.616,39.258,48.492,0.33890,0.27690,0.43760,0.7743,0.35050,0.39600,0.52880,0.6627,0,0,1,147
2026-07-14T15:45:49.319+00:00,26.941,112,26,49.9990,0.9943,0.7540,0.8603,0.54030,0.58310,49.9975,49.9975,49.9987,7.476,1.715,7.453,39.240,48.492,0.33900,0.27690,0.43770,0.7745,0.35060,0.39610,0.52900,0.6627,0,0,1,147
2026-07-14T15:45:50.279+00:00,27.901,113,27,49.9970,0.9944,0.7524,0.8605,0.53960,0.58360,49.9975,49.9925,50.0050,7.475,1.667,7.483,39.240,48.474,0.33900,0.27690,0.43770,0.7745,0.35120,0.39650,0.52970,0.6630,0,0,1,147
2026-07-14T15:45:51.240+00:00,28.862,114,28,49.9950,0.9944,0.7518,0.8592,0.53940,0.58480,50.0000,50.0075,50.0063,7.494,1.669,7.513,39.240,48.492,0.33910,0.27690,0.43780,0.7745,0.35180,0.39750,0.53090,0.6627,0,0,1,147
2026-07-14T15:45:52.200+00:00,29.822,115,29,49.9970,0.9945,0.7532,0.8631,0.53870,0.58440,49.9950,50.0025,49.9950,7.493,1.472,7.395,39.294,48.510,0.33850,0.27700,0.43740,0.7739,0.35100,0.39680,0.52970,0.6625,0,0,1,147
2026-07-14T15:45:53.161+00:00,30.782,116,30,49.9990,0.9946,0.7539,0.8623,0.53940,0.58490,50.0000,50.0000,50.0025,7.625,1.442,7.353,39.312,48.474,0.33850,0.27720,0.43760,0.7737,0.35170,0.39720,0.53050,0.6630,0,0,1,147
2026-07-14T15:45:54.121+00:00,31.742,117,31,50.0050,0.9940,0.7558,0.8653,0.53900,0.58450,49.9950,49.9925,49.9913,7.634,1.488,7.560,39.312,48.510,0.33900,0.27760,0.43810,0.7737,0.35180,0.39780,0.53100,0.6625,0,0,1,147
2026-07-14T15:45:55.079+00:00,32.701,118,32,50.0090,0.9949,0.7537,0.8623,0.53980,0.58460,50.0000,50.0000,49.9987,7.339,1.558,7.593,39.312,48.474,0.33900,0.27760,0.43810,0.7737,0.35130,0.39670,0.52980,0.6630,0,0,1,147
2026-07-14T15:45:56.041+00:00,33.662,119,33,50.0120,0.9952,0.7538,0.8616,0.53900,0.58400,49.9975,50.0000,50.0050,7.489,1.501,7.466,39.240,48.492,0.33900,0.27680,0.43760,0.7745,0.35080,0.39640,0.52940,0.6627,0,0,1,147
2026-07-14T15:45:57.001+00:00,34.622,120,34,50.0140,0.9945,0.7534,0.8608,0.53940,0.58290,50.0000,50.0000,49.9987,7.493,1.493,7.454,39.240,48.510,0.33920,0.27700,0.43800,0.7745,0.35030,0.39610,0.52880,0.6625,0,0,1,147
2026-07-14T15:45:57.961+00:00,35.582,121,35,50.0150,0.9943,0.7536,0.8617,0.53930,0.58350,50.0025,49.9950,50.0025,7.495,1.446,7.463,39.258,48.492,0.33900,0.27710,0.43780,0.7743,0.35010,0.39560,0.52830,0.6627,0,0,1,147
2026-07-14T15:45:58.920+00:00,36.542,122,36,50.0170,0.9941,0.7532,0.8573,0.53970,0.58370,49.9950,49.9950,49.9950,7.546,1.802,7.667,39.240,48.510,0.33890,0.27680,0.43760,0.7745,0.34910,0.39470,0.52700,0.6625,0,0,1,147
2026-07-14T15:45:59.882+00:00,37.503,123,37,50.0190,0.9948,0.7523,0.8602,0.53930,0.58250,49.9925,49.9950,50.0025,8.015,1.876,7.554,39.240,48.474,0.33940,0.27720,0.43820,0.7745,0.34930,0.39440,0.52690,0.6630,0,0,1,147
2026-07-14T15:46:00.842+00:00,38.463,124,38,50.0150,0.9943,0.7530,0.8599,0.53920,0.58400,49.9925,49.9950,50.0013,8.030,1.930,7.416,39.168,48.420,0.33920,0.27630,0.43750,0.7753,0.35010,0.39460,0.52750,0.6637,0,0,1,147
2026-07-14T15:46:01.802+00:00,39.423,125,39,50.0100,0.9943,0.7523,0.8580,0.54020,0.58340,50.0000,49.9950,49.9938,8.140,1.867,7.230,39.186,48.420,0.33890,0.27630,0.43730,0.7751,0.35000,0.39450,0.52740,0.6637,0,0,1,147
2026-07-14T15:46:02.761+00:00,40.382,126,40,50.0080,0.9940,0.7529,0.8622,0.53940,0.58380,50.0000,49.9925,50.0000,8.216,1.908,7.123,39.150,48.546,0.33890,0.27590,0.43700,0.7755,0.34860,0.39460,0.52650,0.6620,0,0,1,147
2026-07-14T15:46:03.722+00:00,41.343,127,41,50.0060,0.9940,0.7505,0.8623,0.53970,0.58340,49.9975,49.9925,50.0050,8.264,1.883,7.229,39.186,48.420,0.33910,0.27640,0.43750,0.7751,0.35000,0.39450,0.52740,0.6637,0,0,1,147
2026-07-14T15:46:04.682+00:00,42.304,128,42,50.0040,0.9942,0.7520,0.8580,0.54010,0.58350,49.9950,49.9950,50.0013,8.043,1.696,7.563,39.222,48.510,0.33900,0.27670,0.43760,0.7747,0.34920,0.39490,0.52720,0.6625,0,0,1,147
2026-07-14T15:46:05.642+00:00,43.263,129,43,49.9990,0.9944,0.7532,0.8595,0.53920,0.58320,49.9950,50.0075,49.9975,8.165,1.801,7.393,39.078,48.438,0.33970,0.27580,0.43760,0.7763,0.34960,0.39430,0.52700,0.6634,0,0,1,147
2026-07-14T15:46:06.602+00:00,44.223,130,44,49.9950,0.9943,0.7522,0.8566,0.53920,0.58290,49.9950,49.9850,49.9975,8.249,1.923,7.114,39.168,48.402,0.33930,0.27640,0.43760,0.7753,0.34970,0.39390,0.52670,0.6639,0,0,1,147
2026-07-14T15:46:07.562+00:00,45.183,131,45,49.9210,0.9934,0.7524,0.8571,0.53960,0.58290,49.9875,50.0025,50.0025,8.239,1.837,7.252,39.204,48.420,0.33910,0.27660,0.43760,0.7749,0.34850,0.39280,0.52520,0.6637,0,0,1,147
2026-07-14T15:46:08.502+00:00,46.123,132,46,49.7700,0.9899,0.7519,0.8567,0.53970,0.58350,50.0000,49.9975,49.9987,8.023,1.572,7.582,39.240,48.510,0.33630,0.27470,0.43420,0.7745,0.34610,0.39130,0.52240,0.6625,0,0,1,147
2026-07-14T15:46:09.443+00:00,47.065,133,47,49.6330,0.9908,0.7463,0.8527,0.53300,0.57780,49.9975,49.9950,49.9925,8.106,1.796,8.529,39.060,48.492,0.33810,0.27440,0.43540,0.7765,0.31790,0.35920,0.47970,0.6627,0,0,1,147
2026-07-14T15:46:10.402+00:00,48.024,134,48,49.5370,0.9423,0.7621,0.8038,0.52990,0.53520,50.0075,49.9888,50.0000,15.561,1.684,16.779,38.808,38.718,0.31230,0.25120,0.40080,0.7793,0.28730,0.23030,0.36820,0.7802,0,0,1,147
2026-07-14T15:46:11.343+00:00,48.964,135,48,49.5370,0.8484,0.8026,0.6962,0.56160,0.45930,49.9975,49.9875,49.9950,19.788,1.798,17.225,38.718,38.736,0.33570,0.26910,0.43020,0.7802,0.33060,0.26520,0.42390,0.7800,0,0,1,147
2026-07-14T15:46:12.301+00:00,49.923,136,49,49.4680,0.9408,0.7956,0.8254,0.55620,0.57930,50.0025,49.6253,49.9875,8.269,1.830,8.230,39.132,48.582,0.33700,0.27420,0.43450,0.7757,0.30290,0.34340,0.45790,0.6615,0,0,1,147
2026-07-14T15:46:13.244+00:00,50.865,137,50,49.4280,0.9099,0.7665,0.7608,0.54630,0.49640,49.9975,49.5466,49.9975,21.461,1.853,20.651,38.808,39.546,0.32860,0.26430,0.42170,0.7793,0.30820,0.25450,0.39970,0.7711,0,0,1,147
2026-07-14T15:46:14.203+00:00,51.825,138,51,49.3720,0.9111,0.7960,0.8047,0.56310,0.54970,49.9950,49.3852,49.9900,7.350,1.747,8.230,38.736,48.708,0.33550,0.26910,0.43010,0.7800,0.29310,0.33370,0.44410,0.6599,1,0,1,147
2026-07-14T15:46:15.144+00:00,52.766,139,52,49.3310,0.8932,0.7770,0.7405,0.55340,0.48170,50.0025,49.5663,50.0000,20.180,2.172,15.257,39.060,39.060,0.32930,0.26720,0.42400,0.7765,0.35910,0.29140,0.46240,0.7765,0,0,1,147
2026-07-14T15:46:16.105+00:00,53.726,140,53,49.2940,0.9765,0.7991,0.8544,0.56430,0.59810,49.9975,49.1957,49.9963,10.412,1.719,16.524,39.042,39.060,0.31260,0.25350,0.40240,0.7767,0.26880,0.21810,0.34620,0.7765,1,0,1,147
2026-07-14T15:46:17.061+00:00,54.683,141,54,49.2720,0.8279,0.7523,0.6782,0.54430,0.45700,50.0050,49.3328,50.0050,9.677,1.773,8.502,29.772,39.042,0.37690,0.21560,0.43430,0.8680,0.40100,0.32520,0.51630,0.7767,1,0,1,147
2026-07-14T15:46:18.004+00:00,55.625,142,55,49.2740,0.9625,0.7480,0.8126,0.53270,0.53590,49.9925,49.2490,49.9938,21.919,2.053,17.693,39.060,39.348,0.32290,0.26200,0.41580,0.7765,0.34700,0.28450,0.44870,0.7733,1,0,1,147
2026-07-14T15:46:18.965+00:00,56.586,143,56,49.2250,0.9644,0.7968,0.8575,0.56100,0.58560,49.9925,49.2344,49.9925,9.441,2.066,15.231,39.078,38.934,0.31290,0.25410,0.40310,0.7763,0.28160,0.22750,0.36200,0.7779,1,0,1,147
2026-07-14T15:46:19.925+00:00,57.547,144,57,49.2050,0.8304,0.7572,0.6733,0.54510,0.45440,50.0000,49.2368,49.9975,9.577,1.770,9.047,29.970,38.754,0.37950,0.21880,0.43800,0.8663,0.39610,0.31800,0.50800,0.7798,1,0,1,147
2026-07-14T15:46:20.865+00:00,58.486,145,58,49.1970,0.9390,0.7741,0.7887,0.53870,0.51550,50.0000,49.1642,50.0088,20.572,1.678,12.332,38.790,38.898,0.32570,0.26180,0.41780,0.7794,0.39370,0.31760,0.50590,0.7783,1,0,1,147
2026-07-14T15:46:21.805+00:00,59.426,146,59,49.1730,1.0013,0.7909,0.8736,0.55590,0.60140,49.9950,49.0593,50.0000,16.240,1.878,20.523,38.808,29.052,0.34150,0.27460,0.43820,0.7793,0.31480,0.17490,0.36010,0.8742,1,0,1,147
2026-07-14T15:46:22.765+00:00,60.386,147,60,49.1510,0.8931,0.7827,0.7665,0.54460,0.54290,50.0000,49.1642,50.0013,8.473,1.603,11.544,38.754,38.772,0.31970,0.25660,0.40990,0.7798,0.30230,0.24280,0.38780,0.7796,1,0,1,147
2026-07-14T15:46:23.724+00:00,61.346,148,61,49.1360,0.8415,0.7963,0.6829,0.55240,0.45710,50.0025,49.3376,49.9913,9.657,1.776,9.104,29.898,38.754,0.38350,0.22050,0.44230,0.8669,0.38920,0.31240,0.49910,0.7798,1,0,1,147
2026-07-14T15:46:24.686+00:00,62.308,149,62,49.1310,0.9226,0.7525,0.7697,0.54660,0.50010,49.9975,48.7733,50.0013,16.473,1.782,9.083,48.510,38.754,0.27750,0.31380,0.41890,0.6625,0.41270,0.33130,0.52920,0.7798,1,0,1,147
2026-07-14T15:46:25.626+00:00,63.247,150,63,49.1260,0.9956,0.7596,0.8478,0.53420,0.56970,49.9875,48.6831,49.9950,20.793,1.790,14.514,38.880,38.934,0.32410,0.26130,0.41630,0.7785,0.38080,0.30770,0.48960,0.7779,1,0,1,147
2026-07-14T15:46:26.566+00:00,64.187,151,64,49.1410,1.0008,0.8023,0.8756,0.55910,0.60270,49.9925,49.2538,50.0025,17.169,1.769,20.241,38.736,29.070,0.34670,0.27810,0.44450,0.7800,0.33500,0.18620,0.38330,0.8740,1,0,1,147
2026-07-14T15:46:27.507+00:00,65.128,152,65,49.1410,0.9322,0.7767,0.8172,0.55930,0.57540,49.9975,48.7900,49.9913,9.989,1.599,17.861,38.772,38.754,0.31770,0.25520,0.40750,0.7796,0.26800,0.21520,0.34370,0.7798,1,0,1,147
2026-07-14T15:46:28.465+00:00,66.087,153,66,49.0850,0.8523,0.7619,0.7143,0.53240,0.49700,50.0000,48.6736,49.9975,8.377,1.933,10.405,38.754,48.420,0.32780,0.26310,0.42030,0.7798,0.25890,0.29180,0.39010,0.6637,1,0,1,147
2026-07-14T15:46:29.426+00:00,67.047,154,67,49.1070,0.8384,0.7777,0.6823,0.55820,0.45920,50.0000,48.6831,50.0000,9.281,2.131,8.742,29.412,48.420,0.38030,0.21440,0.43660,0.8711,0.31730,0.35760,0.47810,0.6637,1,0,1,147
2026-07-14T15:46:30.386+00:00,68.007,155,67,49.1070,0.8970,0.7999,0.7424,0.55350,0.48310,50.0050,48.6808,50.0037,14.555,2.521,8.810,38.754,38.754,0.32740,0.26280,0.41980,0.7798,0.41240,0.33110,0.52890,0.7798,1,0,1,147
2026-07-14T15:46:31.344+00:00,68.965,156,68,49.1170,0.9793,0.7422,0.8322,0.53320,0.55070,50.0000,49.3267,50.0013,20.675,2.008,13.201,38.736,38.808,0.32850,0.26350,0.42120,0.7800,0.39860,0.32060,0.51160,0.7793,1,0,1,147
2026-07-14T15:46:32.287+00:00,69.908,157,69,49.1200,1.0052,0.7603,0.8774,0.55250,0.60020,49.9975,48.7912,50.0000,18.959,2.458,19.847,39.042,29.556,0.32840,0.26630,0.42280,0.7767,0.37660,0.21350,0.43290,0.8699,1,0,1,147
2026-07-14T15:46:33.227+00:00,70.848,158,70,49.0830,0.9670,0.7998,0.8630,0.55940,0.58950,50.0000,48.6890,49.9950,12.433,1.680,20.320,38.808,38.790,0.33030,0.26570,0.42390,0.7793,0.27080,0.21770,0.34740,0.7794,1,0,1,147
2026-07-14T15:46:34.168+00:00,71.789,159,71,49.1280,0.8775,0.7555,0.7433,0.53750,0.52510,50.0000,49.2781,49.9963,8.552,1.539,12.178,39.078,38.844,0.31520,0.25600,0.40610,0.7763,0.28960,0.23320,0.37180,0.7789,1,0,1,147
2026-07-14T15:46:35.128+00:00,72.749,160,72,49.1050,0.8369,0.7793,0.6772,0.54230,0.46270,49.9950,48.8162,50.0000,8.727,1.702,8.578,38.808,48.492,0.34180,0.27490,0.43860,0.7793,0.30180,0.34100,0.45540,0.6627,1,0,1,147
2026-07-14T15:46:36.088+00:00,73.709,161,73,49.1000,0.8807,0.7738,0.7213,0.56000,0.47170,49.9925,48.7021,49.9925,13.796,1.768,8.949,39.078,48.474,0.33720,0.27380,0.43440,0.7763,0.34680,0.39160,0.52310,0.6630,1,0,1,147
2026-07-14T15:46:37.046+00:00,74.667,162,74,49.1520,0.9663,0.7456,0.8080,0.53570,0.53190,49.9975,48.7045,49.9925,20.700,1.796,11.096,38.808,48.420,0.31960,0.25700,0.41010,0.7793,0.34650,0.39060,0.52210,0.6637,1,0,1,147
2026-07-14T15:46:37.988+00:00,75.609,163,75,49.1360,1.0045,0.7847,0.8735,0.54410,0.59360,49.9975,48.7211,49.9938,20.437,1.760,18.688,39.060,39.348,0.31990,0.25960,0.41200,0.7765,0.35880,0.29420,0.46400,0.7733,1,0,1,147
2026-07-14T15:46:38.927+00:00,76.549,164,76,49.1130,0.9855,0.7655,0.8815,0.54740,0.59780,50.0037,49.3401,49.9975,14.750,1.736,21.606,38.826,38.844,0.33840,0.27230,0.43430,0.7791,0.27560,0.22190,0.35380,0.7789,1,0,1,147
2026-07-14T15:46:39.868+00:00,77.490,165,77,49.1330,0.8941,0.7745,0.7673,0.54420,0.54350,49.9950,48.6902,50.0013,8.493,1.604,14.556,39.042,38.826,0.31390,0.25460,0.40420,0.7767,0.27810,0.22380,0.35690,0.7791,1,0,1,147
2026-07-14T15:46:40.828+00:00,78.450,166,78,49.1500,0.8379,0.7440,0.6819,0.53670,0.47190,49.9950,48.7650,49.9963,8.667,2.482,8.723,38.808,48.528,0.33370,0.26830,0.42820,0.7793,0.28450,0.32190,0.42960,0.6623,1,0,1,147
2026-07-14T15:46:41.788+00:00,79.409,167,79,49.1600,0.8596,0.8086,0.6999,0.56160,0.46300,50.0025,48.6973,49.9938,11.595,1.792,8.712,29.844,48.600,0.37550,0.21540,0.43290,0.8674,0.33850,0.38390,0.51180,0.6613,1,0,1,147
2026-07-14T15:46:42.746+00:00,80.368,168,80,49.1680,0.9406,0.7583,0.7876,0.54070,0.51280,49.9975,48.7805,50.0088,17.924,1.798,10.034,38.808,38.754,0.32640,0.26250,0.41890,0.7793,0.41250,0.33110,0.52890,0.7798,1,0,1,147
2026-07-14T15:46:43.688+00:00,81.310,169,81,49.1730,1.0032,0.7467,0.8602,0.53790,0.58090,49.9950,48.7080,49.9963,20.885,1.741,16.847,39.078,39.420,0.32010,0.25990,0.41230,0.7763,0.36490,0.30000,0.47240,0.7725,1,0,1,147
2026-07-14T15:46:44.629+00:00,82.251,170,82,49.1820,0.9857,0.7744,0.8730,0.55340,0.59340,49.9963,49.3401,49.9925,12.425,1.615,19.479,38.808,38.772,0.32410,0.26070,0.41600,0.7793,0.26780,0.21510,0.34350,0.7796,1,0,1,147
2026-07-14T15:46:45.590+00:00,83.211,171,83,49.2280,0.8563,0.7485,0.7142,0.53140,0.49720,49.9950,49.1739,49.9963,8.634,1.732,8.787,38.808,58.212,0.33390,0.26860,0.42850,0.7793,0.22770,0.36750,0.43230,0.5268,1,0,1,147
2026-07-14T15:46:46.546+00:00,84.168,172,84,49.2230,0.8668,0.7854,0.7112,0.56020,0.46730,50.0050,49.0533,49.9925,14.528,1.815,8.763,39.078,48.510,0.32710,0.26560,0.42140,0.7763,0.34950,0.39520,0.52760,0.6625,1,0,1,147
2026-07-14T15:46:47.489+00:00,85.111,173,85,49.2310,0.9935,0.7654,0.8465,0.53320,0.56670,49.9950,49.3267,49.9975,22.168,1.776,17.514,38.916,39.276,0.32200,0.26000,0.41390,0.7781,0.36070,0.29500,0.46600,0.7741,1,0,1,147
2026-07-14T15:46:48.429+00:00,86.051,174,86,49.2340,0.9784,0.7763,0.8825,0.55230,0.59500,50.0013,48.9021,50.0000,11.381,1.997,19.765,38.808,38.826,0.32400,0.26060,0.41580,0.7793,0.26680,0.21470,0.34250,0.7791,1,0,1,147
2026-07-14T15:46:49.389+00:00,87.010,175,86,49.2340,0.8528,0.7517,0.7145,0.53080,0.49520,49.9900,48.9884,49.9950,7.548,1.515,8.726,38.898,48.492,0.33530,0.27060,0.43090,0.7783,0.29380,0.33200,0.44330,0.6627,1,0,1,147
2026-07-14T15:46:50.347+00:00,87.968,176,87,49.2170,0.8736,0.7994,0.7142,0.56230,0.46760,49.9975,48.6973,49.9913,14.933,1.812,8.212,38.916,48.402,0.32240,0.26030,0.41440,0.7781,0.34990,0.39410,0.52700,0.6639,1,0,1,147
2026-07-14T15:46:51.290+00:00,88.912,177,88,49.2680,0.9857,0.7367,0.8514,0.53500,0.57140,50.0025,48.7258,49.9888,22.127,1.957,19.340,38.808,39.258,0.32210,0.25900,0.41330,0.7793,0.35530,0.29030,0.45880,0.7743,1,0,1,147
2026-07-14T15:46:52.250+00:00,89.871,178,89,49.2250,0.9778,0.7956,0.8730,0.55570,0.59060,50.0013,49.1908,50.0050,9.219,1.495,15.367,38.808,38.736,0.31370,0.25230,0.40250,0.7793,0.27750,0.22260,0.35580,0.7800,1,0,1,147
2026-07-14T15:46:53.211+00:00,90.832,179,90,49.2380,0.8376,0.7577,0.6891,0.54490,0.46410,49.9975,48.7401,49.9975,7.910,1.797,7.949,29.502,38.736,0.38110,0.21560,0.43790,0.8703,0.38400,0.30810,0.49230,0.7800,1,0,1,147
2026-07-14T15:46:54.169+00:00,91.790,180,91,49.2350,0.9225,0.7665,0.7610,0.54940,0.49550,49.9950,49.3024,49.9975,19.337,1.607,11.053,39.060,38.736,0.32160,0.26100,0.41420,0.7765,0.41420,0.33220,0.53090,0.7800,1,0,1,147
2026-07-14T15:46:55.111+00:00,92.732,181,92,49.2140,0.9946,0.7748,0.8671,0.54420,0.59310,49.9850,49.3486,50.0000,19.580,1.754,21.622,48.600,39.186,0.28430,0.32250,0.42990,0.6613,0.30340,0.24730,0.39150,0.7751,1,0,1,147
2026-07-14T15:46:56.071+00:00,93.692,182,93,49.2640,0.9278,0.8061,0.8356,0.56490,0.56730,50.0013,49.2417,50.0000,8.521,1.734,14.877,38.736,38.754,0.31740,0.25460,0.40680,0.7800,0.27980,0.22460,0.35870,0.7798,1,0,1,147
2026-07-14T15:46:57.030+00:00,94.651,183,94,49.2000,0.8337,0.7804,0.6940,0.54230,0.46470,50.0025,49.3267,49.9963,8.519,2.139,7.759,39.330,38.772,0.33860,0.27740,0.43780,0.7735,0.40410,0.32450,0.51830,0.7796,1,0,1,147
2026-07-14T15:46:57.971+00:00,95.592,184,95,49.2580,0.9501,0.7708,0.7983,0.53740,0.52810,50.0000,49.2659,50.0037,21.722,1.802,15.912,38.808,38.790,0.32760,0.26350,0.42040,0.7793,0.37790,0.30370,0.48480,0.7794,1,0,1,147
2026-07-14T15:46:58.911+00:00,96.533,185,96,49.2110,0.9934,0.7967,0.8688,0.56070,0.60020,49.9975,48.7591,50.0013,14.341,1.753,21.538,38.880,38.754,0.33320,0.26870,0.42800,0.7785,0.26730,0.21460,0.34280,0.7798,1,0,1,147
2026-07-14T15:46:59.872+00:00,97.493,186,97,49.1920,0.8731,0.7652,0.7512,0.53440,0.52390,49.9950,48.9788,50.0000,7.318,1.625,9.301,39.006,38.754,0.32560,0.26370,0.41900,0.7771,0.31680,0.25430,0.40620,0.7798,1,0,1,147
2026-07-14T15:47:00.831+00:00,98.452,187,98,49.2450,0.8535,0.8056,0.6985,0.56000,0.45870,49.9975,49.2150,49.9975,11.674,2.068,8.021,39.240,38.736,0.33450,0.27320,0.43190,0.7745,0.41560,0.33340,0.53270,0.7800,1,0,1,147
2026-07-14T15:47:01.772+00:00,99.393,188,99,49.2080,0.9701,0.7518,0.8162,0.53480,0.54020,49.9950,48.6973,49.9925,22.224,1.806,15.880,38.826,38.736,0.32600,0.26240,0.41850,0.7791,0.37590,0.30150,0.48180,0.7800,1,0,1,147
2026-07-14T15:47:02.711+00:00,100.332,189,100,49.1880,0.9906,0.7812,0.8655,0.56210,0.60080,49.9950,49.2199,49.9987,14.288,1.673,20.778,39.078,38.718,0.32770,0.26610,0.42210,0.7763,0.26600,0.21320,0.34090,0.7802,1,0,1,147
2026-07-14T15:47:03.672+00:00,101.293,190,101,49.1710,0.8728,0.7396,0.7461,0.53410,0.52180,50.0000,48.9980,49.9913,8.164,1.846,9.619,38.790,48.582,0.32560,0.26170,0.41770,0.7794,0.26900,0.30490,0.40660,0.6615,1,0,1,147
2026-07-14T15:47:04.632+00:00,102.254,191,102,49.1920,0.8580,0.7741,0.7007,0.56170,0.45930,49.9950,48.7401,49.9987,11.140,1.741,7.363,38.790,38.898,0.33350,0.26800,0.42790,0.7794,0.41330,0.33340,0.53100,0.7783,1,0,1,147
2026-07-14T15:47:05.572+00:00,103.193,192,103,49.1700,0.9695,0.7562,0.8228,0.53260,0.54410,50.0025,49.3279,49.9963,21.259,1.914,16.119,38.898,38.952,0.33100,0.26710,0.42530,0.7783,0.36800,0.29750,0.47320,0.7777,1,0,1,147
2026-07-14T15:47:06.512+00:00,104.134,193,104,49.1210,0.9899,0.8058,0.8631,0.56290,0.60220,50.0000,48.9668,49.9987,13.373,1.558,22.033,39.078,39.060,0.32920,0.26740,0.42410,0.7763,0.26500,0.21500,0.34120,0.7765,1,0,1,147
2026-07-14T15:47:07.473+00:00,105.095,194,105,49.0930,0.8624,0.7670,0.7399,0.53200,0.51890,49.9925,49.3206,50.0063,9.106,1.665,8.972,38.826,48.780,0.33060,0.26610,0.42440,0.7791,0.26680,0.30450,0.40480,0.6590,1,0,1,147
2026-07-14T15:47:08.433+00:00,106.054,195,106,49.0720,0.8525,0.7923,0.6972,0.56030,0.45890,49.9950,48.6997,49.9900,9.772,2.381,9.070,29.880,38.916,0.37730,0.21680,0.43510,0.8671,0.38400,0.31000,0.49350,0.7781,1,0,1,147
2026-07-14T15:47:09.393+00:00,107.015,196,106,49.0720,0.9197,0.7956,0.7635,0.54840,0.49630,50.0025,48.6997,50.0075,16.338,2.235,9.068,38.754,38.898,0.32210,0.25860,0.41310,0.7798,0.41180,0.33220,0.52910,0.7783,1,0,1,147
2026-07-14T15:47:10.351+00:00,107.972,197,107,49.0900,0.9909,0.7539,0.8439,0.53370,0.56500,49.9950,49.3316,49.9850,20.842,1.902,14.240,38.898,38.772,0.32860,0.26510,0.42220,0.7783,0.38540,0.30960,0.49440,0.7796,1,0,1,147
2026-07-14T15:47:11.293+00:00,108.915,198,108,49.0510,1.0043,0.7704,0.8739,0.55800,0.60190,50.0000,48.8544,49.9938,18.035,1.864,19.958,38.736,29.826,0.33470,0.26850,0.42910,0.7800,0.35770,0.20510,0.41230,0.8675,1,0,1,147
2026-07-14T15:47:12.232+00:00,109.854,199,109,49.0090,0.9485,0.8092,0.8486,0.56290,0.58460,49.9950,48.6772,49.9950,13.333,1.727,21.259,38.808,38.898,0.33250,0.26740,0.42670,0.7793,0.28020,0.22610,0.36000,0.7783,1,0,1,147
2026-07-14T15:47:13.174+00:00,110.795,200,110,49.0050,0.9027,0.7910,0.7859,0.55060,0.55950,49.9950,48.7068,49.9950,9.414,2.309,17.970,38.808,38.736,0.31950,0.25700,0.41000,0.7793,0.27000,0.21660,0.34610,0.7800,1,0,1,147
2026-07-14T15:47:14.114+00:00,111.735,201,111,49.0000,0.8695,0.7650,0.7361,0.53660,0.52040,50.0000,48.6997,50.0013,8.543,1.583,14.639,38.898,38.826,0.31000,0.25010,0.39830,0.7783,0.27490,0.22120,0.35290,0.7791,1,0,1,147
2026-07-14T15:47:15.054+00:00,112.676,202,112,48.9830,0.8462,0.7577,0.7020,0.53240,0.48710,49.9925,48.7401,50.0075,8.698,1.610,11.375,39.114,38.826,0.31010,0.25210,0.39960,0.7759,0.29480,0.23720,0.37840,0.7791,1,0,1,147
2026-07-14T15:47:15.993+00:00,113.615,203,113,48.9430,0.8391,0.7777,0.6832,0.54210,0.46420,49.9975,48.6867,50.0025,8.741,1.680,8.890,38.736,48.528,0.32520,0.26090,0.41700,0.7800,0.27240,0.30820,0.41130,0.6623,1,0,1,147
2026-07-14T15:47:16.935+00:00,114.556,204,114,48.9640,0.8471,0.8017,0.6896,0.55960,0.46020,50.0025,48.7033,50.0063,8.758,1.726,8.598,38.808,48.438,0.32870,0.26440,0.42180,0.7793,0.28260,0.31880,0.42600,0.6634,1,0,1,147
2026-07-14T15:47:17.875+00:00,115.496,205,115,48.9120,0.8466,0.7720,0.6900,0.56070,0.45990,50.0000,48.6914,50.0000,8.665,1.753,8.737,38.808,48.474,0.34030,0.27370,0.43670,0.7793,0.27670,0.31250,0.41740,0.6630,1,0,1,147
2026-07-14T15:47:18.814+00:00,116.436,206,116,48.8920,0.8483,0.8056,0.6909,0.55930,0.46060,49.9900,48.7199,50.0013,8.569,1.708,8.927,38.808,48.438,0.32640,0.26250,0.41890,0.7793,0.27380,0.30880,0.41270,0.6634,1,0,1,147
2026-07-14T15:47:19.755+00:00,117.376,207,117,48.8680,0.8414,0.7712,0.6850,0.55770,0.46180,50.0025,48.6879,49.9950,8.587,2.506,9.084,38.754,48.438,0.33510,0.26900,0.42970,0.7798,0.26920,0.30360,0.40580,0.6634,1,0,1,147
2026-07-14T15:47:20.695+00:00,118.316,208,118,48.8420,0.8405,0.7974,0.6858,0.55560,0.46240,49.9975,48.9237,49.9987,8.408,1.778,9.787,38.808,38.754,0.32410,0.26060,0.41590,0.7793,0.30010,0.24090,0.38480,0.7798,1,0,1,147
2026-07-14T15:47:21.634+00:00,119.255,209,119,48.8150,0.8348,0.7922,0.6885,0.54720,0.47100,49.9950,48.7603,50.0025,8.425,1.378,13.538,39.042,29.052,0.32080,0.26010,0.41300,0.7767,0.30950,0.17190,0.35410,0.8742,1,0,1,147
2026-07-14T15:47:22.575+00:00,120.197,210,120,48.7870,0.8493,0.7626,0.7141,0.53550,0.50110,49.9900,48.6926,50.0013,8.588,2.176,17.684,38.790,38.754,0.33710,0.27100,0.43250,0.7794,0.27220,0.21850,0.34900,0.7798,1,0,1,147
2026-07-14T15:47:23.533+00:00,121.154,211,121,48.8210,0.8899,0.7471,0.7707,0.54730,0.54820,50.0050,48.6736,49.9950,11.597,2.277,21.164,38.718,38.862,0.34240,0.27450,0.43890,0.7802,0.29380,0.23680,0.37740,0.7787,1,0,1,147
2026-07-14T15:47:24.496+00:00,122.117,212,122,48.8370,0.9466,0.7751,0.8324,0.56320,0.58870,49.9925,48.6879,49.9975,16.797,1.788,20.126,39.078,39.276,0.31390,0.25490,0.40430,0.7763,0.36740,0.30050,0.47470,0.7741,1,0,1,147
2026-07-14T15:47:25.456+00:00,123.077,213,123,48.8530,1.0025,0.7672,0.8999,0.54000,0.59870,49.9987,49.0485,50.0025,19.822,1.418,14.845,38.808,48.492,0.32600,0.26220,0.41840,0.7793,0.34350,0.38820,0.51840,0.6627,1,0,1,147
2026-07-14T15:47:26.416+00:00,124.037,214,124,48.8680,1.0036,0.7811,0.8686,0.54150,0.58270,50.0025,48.7033,50.0025,20.467,1.581,9.377,38.736,48.438,0.33650,0.26990,0.43140,0.7800,0.35080,0.39560,0.52870,0.6634,1,0,1,147
2026-07-14T15:47:27.356+00:00,124.977,215,124,48.8680,0.9696,0.7570,0.8055,0.53850,0.52580,49.9975,48.6902,49.9950,14.284,2.387,8.746,29.862,38.754,0.38910,0.22340,0.44860,0.8672,0.38420,0.30840,0.49270,0.7798,1,0,1,147
2026-07-14T15:47:28.296+00:00,125.917,216,125,48.8770,0.8981,0.7643,0.7355,0.55840,0.47630,49.9975,48.6855,50.0025,8.761,1.250,8.966,38.826,38.736,0.33920,0.27300,0.43540,0.7791,0.33830,0.27140,0.43370,0.7800,1,0,1,147
2026-07-14T15:47:29.237+00:00,126.858,217,126,48.8970,0.8524,0.7912,0.6984,0.56120,0.46020,49.9900,48.6784,49.9950,8.600,1.691,8.841,38.790,48.438,0.33120,0.26620,0.42490,0.7794,0.28000,0.31580,0.42200,0.6634,1,0,1,147
2026-07-14T15:47:30.177+00:00,127.798,218,127,48.8700,0.8516,0.7794,0.6909,0.55930,0.46110,49.9975,48.6855,50.0075,8.679,1.694,8.728,38.808,48.456,0.33990,0.27330,0.43620,0.7793,0.27720,0.31280,0.41800,0.6632,1,0,1,147
2026-07-14T15:47:31.115+00:00,128.737,219,128,48.9190,0.8413,0.8046,0.6917,0.55960,0.46090,49.9950,48.6938,50.0000,8.746,1.679,10.049,38.736,48.474,0.33040,0.26510,0.42360,0.7800,0.24910,0.28130,0.37580,0.6630,1,0,1,147
2026-07-14T15:47:32.055+00:00,129.677,220,129,48.9320,0.8345,0.7674,0.6903,0.54280,0.47680,50.0000,48.7282,50.0000,8.756,2.513,12.124,39.042,38.736,0.31030,0.25170,0.39950,0.7767,0.28530,0.22890,0.36580,0.7800,1,0,1,147
2026-07-14T15:47:32.997+00:00,130.619,221,130,48.9220,0.8370,0.7493,0.6848,0.53550,0.47740,50.0050,48.6772,49.9963,8.407,1.605,12.728,39.006,38.754,0.32170,0.26060,0.41400,0.7771,0.28340,0.22750,0.36340,0.7798,1,0,1,147
2026-07-14T15:47:33.937+00:00,131.559,222,131,48.9410,0.8393,0.7692,0.6942,0.53560,0.48170,50.0000,48.6985,49.9913,8.673,1.597,13.433,39.042,38.826,0.30800,0.24980,0.39650,0.7767,0.27880,0.22440,0.35790,0.7791,1,0,1,147
2026-07-14T15:47:34.877+00:00,132.498,223,132,48.9050,0.8446,0.7381,0.6964,0.53440,0.48590,49.9950,48.6855,50.0063,8.630,1.591,13.721,38.916,38.808,0.32330,0.26100,0.41550,0.7781,0.27690,0.22270,0.35540,0.7793,1,0,1,147
2026-07-14T15:47:35.816+00:00,133.437,224,133,48.9150,0.8461,0.7693,0.7056,0.53390,0.49120,50.0000,48.9213,50.0000,8.653,1.632,14.649,39.060,38.808,0.31070,0.25220,0.40020,0.7765,0.27470,0.22090,0.35250,0.7793,1,0,1,147
2026-07-14T15:47:36.757+00:00,134.379,225,134,48.9280,0.8487,0.7411,0.7068,0.53410,0.49520,49.9900,48.6867,50.0000,8.482,1.622,14.970,38.718,38.790,0.32100,0.25730,0.41140,0.7802,0.27280,0.21920,0.35000,0.7794,1,0,1,147
2026-07-14T15:47:37.698+00:00,135.319,226,135,48.8860,0.8533,0.7599,0.7165,0.53380,0.50070,49.9900,48.6973,50.0037,8.570,1.600,15.692,38.916,38.808,0.31710,0.25600,0.40750,0.7781,0.27240,0.21910,0.34960,0.7793,1,0,1,147
2026-07-14T15:47:38.638+00:00,136.259,227,136,48.9190,0.8546,0.7502,0.7155,0.53500,0.50580,50.0000,48.7021,49.9888,8.556,1.562,15.760,38.736,38.826,0.32180,0.25810,0.41250,0.7800,0.27090,0.21800,0.34770,0.7791,1,0,1,147
2026-07-14T15:47:39.578+00:00,137.199,228,137,48.9020,0.8598,0.7582,0.7266,0.53540,0.51150,50.0000,48.7211,49.9938,8.466,1.531,16.528,38.736,38.754,0.32200,0.25830,0.41280,0.7800,0.27100,0.21750,0.34750,0.7798,1,0,1,147
2026-07-14T15:47:40.517+00:00,138.139,229,138,48.9240,0.8634,0.7536,0.7304,0.53690,0.51630,49.9975,48.6997,49.9825,8.471,1.592,16.659,38.736,38.754,0.32140,0.25790,0.41210,0.7800,0.27110,0.21760,0.34770,0.7798,1,0,1,147
2026-07-14T15:47:41.458+00:00,139.080,230,139,48.9300,0.8692,0.7481,0.7383,0.53710,0.52220,50.0000,48.6997,50.0000,8.685,1.533,17.596,38.754,38.736,0.32970,0.26470,0.42280,0.7798,0.27140,0.21770,0.34800,0.7800,1,0,1,147
2026-07-14T15:47:42.398+00:00,140.019,231,139,48.9300,0.8719,0.7668,0.7391,0.54030,0.52690,49.9925,48.6973,49.9963,8.864,1.612,17.625,38.790,38.772,0.32010,0.25730,0.41070,0.7794,0.27100,0.21770,0.34760,0.7796,1,0,1,147
2026-07-14T15:47:43.338+00:00,140.959,232,140,48.9440,0.8793,0.7418,0.7502,0.54090,0.53370,49.9975,48.6997,49.9987,9.189,1.556,18.486,38.790,38.772,0.33650,0.27050,0.43170,0.7794,0.27240,0.21880,0.34940,0.7796,1,0,1,147
2026-07-14T15:47:44.279+00:00,141.900,233,141,48.9280,0.8811,0.7810,0.7597,0.54400,0.53900,50.0025,48.6950,50.0037,9.271,1.897,18.869,38.808,38.754,0.32270,0.25950,0.41410,0.7793,0.27180,0.21820,0.34850,0.7798,1,0,1,147
2026-07-14T15:47:45.219+00:00,142.840,234,142,48.9640,0.8893,0.7466,0.7648,0.54590,0.54500,49.9900,48.6855,50.0025,9.905,1.633,19.324,38.808,38.754,0.34040,0.27380,0.43680,0.7793,0.27450,0.22030,0.35200,0.7798,1,0,1,147
2026-07-14T15:47:46.159+00:00,143.780,235,143,48.9400,0.8921,0.7879,0.7738,0.54720,0.54980,50.0050,48.7045,50.0000,10.071,1.388,19.482,38.808,38.754,0.32800,0.26380,0.42100,0.7793,0.27520,0.22090,0.35290,0.7798,1,0,1,147
2026-07-14T15:47:47.098+00:00,144.720,236,144,48.9730,0.9017,0.7594,0.7774,0.55050,0.55570,49.9925,48.6926,49.9900,10.634,1.671,20.547,38.736,38.808,0.33860,0.27170,0.43410,0.7800,0.27760,0.22330,0.35620,0.7793,1,0,1,147
2026-07-14T15:47:48.038+00:00,145.660,237,145,49.0010,0.9085,0.7839,0.7924,0.55200,0.56180,50.0000,49.2587,49.9900,10.133,1.630,19.497,38.808,38.790,0.33500,0.26940,0.42990,0.7793,0.27060,0.21750,0.34720,0.7794,1,0,1,147
2026-07-14T15:47:48.980+00:00,146.601,238,146,49.0190,0.8801,0.7516,0.7475,0.53990,0.52950,49.9975,48.7567,50.0050,8.699,1.588,15.996,38.790,38.808,0.32390,0.26030,0.41550,0.7794,0.27320,0.21970,0.35060,0.7793,1,0,1,147
2026-07-14T15:47:49.919+00:00,147.541,239,147,49.0260,0.8522,0.7446,0.7118,0.53350,0.49450,49.9950,48.6962,49.9900,8.372,1.603,12.195,39.042,38.826,0.32080,0.26010,0.41300,0.7767,0.28970,0.23310,0.37190,0.7791,1,0,1,147
2026-07-14T15:47:50.860+00:00,148.481,240,148,49.0260,0.8413,0.7604,0.6917,0.54180,0.46910,49.9925,48.9980,50.0000,7.521,2.338,9.384,39.060,38.808,0.32970,0.26750,0.42460,0.7765,0.31790,0.25560,0.40790,0.7793,1,0,1,147
2026-07-14T15:47:51.820+00:00,149.441,241,149,49.0200,0.8472,0.7890,0.6947,0.55580,0.45890,50.0000,48.9584,50.0025,7.841,1.703,7.596,38.898,38.718,0.34130,0.27540,0.43860,0.7783,0.35310,0.28310,0.45260,0.7802,1,0,1,147
2026-07-14T15:47:52.780+00:00,150.402,242,150,49.0090,0.8728,0.8030,0.7166,0.56260,0.46530,50.0000,48.7021,50.0037,9.661,1.759,7.923,29.538,38.736,0.37600,0.21310,0.43220,0.8700,0.38100,0.30570,0.48850,0.7800,1,0,1,147
2026-07-14T15:47:53.740+00:00,151.361,243,151,49.0050,0.9016,0.8040,0.7406,0.55840,0.47930,49.9950,48.7140,49.9975,12.143,1.794,7.832,29.592,38.736,0.37490,0.21290,0.43110,0.8696,0.40340,0.32360,0.51710,0.7800,1,0,1,147
2026-07-14T15:47:54.700+00:00,152.321,244,152,49.0230,0.9331,0.7664,0.7685,0.54890,0.50080,50.0000,48.6879,49.9975,15.765,1.794,8.200,38.826,38.736,0.33840,0.27230,0.43430,0.7791,0.41730,0.33480,0.53500,0.7800,1,0,1,147
2026-07-14T15:47:55.661+00:00,153.283,245,153,49.0560,0.9603,0.7414,0.8048,0.53930,0.52750,49.9950,48.7710,49.9925,18.824,1.805,8.896,39.078,48.420,0.32910,0.26730,0.42400,0.7763,0.35060,0.39510,0.52820,0.6637,1,0,1,147
2026-07-14T15:47:56.621+00:00,154.243,246,154,49.0830,0.9813,0.7502,0.8420,0.53410,0.55890,49.9950,48.6890,49.9963,20.998,2.588,11.321,39.060,48.420,0.32030,0.25990,0.41240,0.7765,0.34880,0.39310,0.52550,0.6637,1,0,1,147
2026-07-14T15:47:57.579+00:00,155.200,247,155,49.0800,0.9908,0.7779,0.8625,0.54010,0.58310,49.9950,48.7258,49.9925,22.348,1.811,14.956,38.754,38.754,0.32790,0.26320,0.42050,0.7798,0.39650,0.31830,0.50840,0.7798,1,0,1,147
2026-07-14T15:47:58.521+00:00,156.142,248,156,49.0600,0.9945,0.7684,0.8684,0.55170,0.59800,49.9950,48.7472,50.0050,19.256,1.557,20.780,38.790,39.204,0.32670,0.26260,0.41920,0.7794,0.32690,0.26670,0.42190,0.7749,1,0,1,147
2026-07-14T15:47:59.462+00:00,157.083,249,157,49.0550,0.9568,0.8017,0.8640,0.55920,0.58850,49.9987,48.6736,49.9950,11.240,1.701,19.259,38.736,38.754,0.33400,0.26790,0.42820,0.7800,0.26710,0.21440,0.34250,0.7798,1,0,1,147
2026-07-14T15:48:00.401+00:00,158.023,250,157,49.0550,0.8777,0.7607,0.7576,0.53920,0.53410,49.9925,49.1690,50.0025,7.897,1.562,16.459,38.826,38.754,0.32350,0.26040,0.41530,0.7791,0.26890,0.21580,0.34480,0.7798,1,0,1,147
2026-07-14T15:48:01.341+00:00,158.963,251,158,49.1070,0.8547,0.7530,0.7180,0.53320,0.49880,49.9925,48.9273,50.0000,7.548,2.672,12.435,38.790,38.718,0.32170,0.25860,0.41280,0.7794,0.28410,0.22770,0.36410,0.7802,1,0,1,147
2026-07-14T15:48:02.301+00:00,159.923,252,159,49.0570,0.8409,0.7793,0.6959,0.54230,0.46890,49.9975,48.9189,50.0000,8.189,1.696,7.535,39.078,38.916,0.33780,0.27430,0.43510,0.7763,0.35160,0.28380,0.45180,0.7781,1,0,1,147
2026-07-14T15:48:03.262+00:00,160.884,253,160,49.1080,0.8817,0.7724,0.7226,0.56210,0.46840,50.0000,48.7329,50.0050,10.260,1.993,7.543,29.538,38.754,0.39040,0.22120,0.44870,0.8700,0.38570,0.30960,0.49460,0.7798,1,0,1,147
2026-07-14T15:48:04.221+00:00,161.842,254,161,49.0670,0.9083,0.7731,0.7492,0.55610,0.48600,49.9975,49.2465,49.9863,15.287,1.835,8.136,38.772,38.736,0.33450,0.26870,0.42900,0.7796,0.41970,0.33670,0.53810,0.7800,1,0,1,147
2026-07-14T15:48:05.182+00:00,162.803,255,162,49.1140,0.9816,0.7456,0.8295,0.53370,0.55180,49.9975,48.6926,50.0000,20.591,1.776,10.973,39.060,38.736,0.32810,0.26620,0.42250,0.7765,0.41840,0.33560,0.53630,0.7800,1,0,1,147
2026-07-14T15:48:06.123+00:00,163.744,256,163,49.0690,0.9950,0.7478,0.8552,0.53620,0.57560,49.9925,48.7104,50.0050,22.043,1.804,16.995,38.808,38.718,0.32810,0.26380,0.42100,0.7793,0.37610,0.30150,0.48210,0.7802,1,0,1,147
2026-07-14T15:48:07.063+00:00,164.684,257,164,49.1320,0.9944,0.8021,0.8672,0.55910,0.60030,49.9950,48.6950,50.0000,16.893,1.734,21.549,38.952,38.754,0.34220,0.27660,0.44000,0.7777,0.28780,0.23100,0.36900,0.7798,1,0,1,147
2026-07-14T15:48:08.003+00:00,165.624,258,165,49.0870,0.9232,0.7651,0.8079,0.55400,0.57170,49.9950,49.0340,49.9950,9.480,1.601,17.931,38.754,38.916,0.31770,0.25500,0.40740,0.7798,0.26480,0.21380,0.34030,0.7781,1,0,1,147
2026-07-14T15:48:08.963+00:00,166.584,259,166,49.1140,0.8506,0.7660,0.7158,0.53310,0.49560,50.0000,49.0388,50.0088,8.157,1.674,9.693,38.736,39.060,0.32750,0.26270,0.41990,0.7800,0.30950,0.25120,0.39860,0.7765,1,0,1,147
2026-07-14T15:48:09.923+00:00,167.545,260,167,49.1050,0.8516,0.7738,0.6982,0.55940,0.45840,49.9900,48.7733,49.9987,8.870,1.788,7.944,39.474,38.934,0.34410,0.28340,0.44580,0.7719,0.38030,0.30730,0.48890,0.7779,1,0,1,147
2026-07-14T15:48:10.883+00:00,168.505,261,168,49.1420,0.9172,0.7659,0.7568,0.55330,0.49090,49.9975,48.6926,50.0025,15.356,1.794,7.967,48.510,39.114,0.28000,0.31650,0.42260,0.6625,0.41220,0.33510,0.53120,0.7759,1,0,1,147
2026-07-14T15:48:11.823+00:00,169.444,262,169,49.1840,0.9850,0.7527,0.8391,0.53310,0.55870,49.9975,48.7223,49.9975,20.760,1.857,14.056,38.772,38.916,0.32390,0.26010,0.41540,0.7796,0.38990,0.31480,0.50120,0.7781,1,0,1,147
2026-07-14T15:48:12.763+00:00,170.385,263,170,49.2030,1.0015,0.7963,0.8750,0.55540,0.60090,50.0000,48.6950,50.0050,17.995,1.824,20.264,38.736,29.106,0.34160,0.27410,0.43800,0.7800,0.33150,0.18450,0.37940,0.8737,1,0,1,147
2026-07-14T15:48:13.723+00:00,171.344,264,171,49.2160,0.9186,0.7728,0.7981,0.55370,0.56290,49.9950,49.2247,49.9888,8.419,1.629,13.055,39.024,38.754,0.31270,0.25340,0.40250,0.7769,0.28960,0.23250,0.37140,0.7798,1,0,1,147
2026-07-14T15:48:14.683+00:00,172.304,265,172,49.2040,0.8376,0.7540,0.6761,0.54490,0.46270,49.9925,48.6926,49.9925,9.046,1.807,8.920,29.592,48.420,0.38000,0.21580,0.43700,0.8696,0.32780,0.36950,0.49400,0.6637,1,0,1,147
2026-07-14T15:48:15.642+00:00,173.264,266,173,49.2070,0.9234,0.7573,0.7717,0.54490,0.50420,50.0025,49.1039,50.0037,18.503,1.623,11.088,38.808,38.754,0.32140,0.25850,0.41240,0.7793,0.40680,0.32650,0.52160,0.7798,1,0,1,147
2026-07-14T15:48:16.583+00:00,174.204,267,174,49.2500,1.0048,0.7768,0.8762,0.54870,0.59820,49.9875,49.3291,49.9888,17.696,1.778,20.759,38.736,29.538,0.33890,0.27190,0.43450,0.7800,0.34140,0.19350,0.39240,0.8700,1,0,1,147
2026-07-14T15:48:17.524+00:00,175.146,268,175,49.2560,0.9257,0.8097,0.8228,0.56430,0.56300,49.9875,49.0028,49.9950,9.197,1.874,14.236,39.078,38.808,0.31590,0.25660,0.40700,0.7763,0.28710,0.23090,0.36850,0.7793,1,0,1,147
2026-07-14T15:48:18.484+00:00,176.105,269,176,49.3170,0.8368,0.7807,0.6798,0.54260,0.46420,49.9975,49.3449,50.0100,8.614,1.752,9.091,38.754,48.420,0.34320,0.27550,0.44010,0.7798,0.33060,0.37260,0.49820,0.6637,1,0,1,147
2026-07-14T15:48:19.424+00:00,177.045,270,177,49.2990,0.9252,0.7818,0.7706,0.54300,0.50760,50.0000,49.0340,50.0037,18.421,1.913,11.145,48.510,38.754,0.27510,0.31110,0.41530,0.6625,0.40380,0.32410,0.51780,0.7798,1,0,1,147
2026-07-14T15:48:20.365+00:00,177.986,271,177,49.2990,1.0051,0.7755,0.8775,0.55410,0.60020,50.0000,49.2684,50.0037,14.619,1.706,19.953,38.808,29.070,0.33090,0.26610,0.42470,0.7793,0.30460,0.16930,0.34840,0.8740,1,0,1,147
2026-07-14T15:48:21.325+00:00,178.947,272,178,49.3070,0.8616,0.7638,0.7201,0.53060,0.50320,49.9975,49.3340,49.9950,8.394,1.669,8.868,38.826,48.456,0.34080,0.27430,0.43750,0.7791,0.31190,0.35200,0.47030,0.6632,1,0,1,147
2026-07-14T15:48:22.265+00:00,179.886,273,179,49.3670,0.9085,0.7655,0.7523,0.54910,0.49350,49.9975,49.6845,49.9987,18.969,1.727,12.507,38.754,38.736,0.32420,0.26030,0.41580,0.7798,0.39140,0.31400,0.50180,0.7800,0,0,1,147
2026-07-14T15:48:23.226+00:00,180.847,274,180,49.3690,1.0039,0.7934,0.8772,0.56170,0.60220,49.9950,49.4242,50.0113,10.698,1.488,16.115,39.078,38.736,0.31480,0.25560,0.40550,0.7763,0.28000,0.22460,0.35890,0.7800,1,0,1,147
2026-07-14T15:48:24.166+00:00,181.787,275,181,49.3670,0.8329,0.7774,0.6784,0.54300,0.46230,49.9975,49.4878,49.9963,11.353,1.680,9.015,38.754,38.736,0.32370,0.25990,0.41510,0.7798,0.41290,0.33120,0.52930,0.7800,1,0,1,147
2026-07-14T15:48:25.126+00:00,182.747,276,182,49.4170,1.0029,0.7491,0.8652,0.53700,0.58520,49.9975,49.5860,50.0025,16.649,1.682,20.173,38.808,29.088,0.33390,0.26860,0.42850,0.7793,0.30370,0.16900,0.34760,0.8739,0,0,1,147
2026-07-14T15:48:26.083+00:00,183.704,277,183,49.4170,0.8576,0.7495,0.7167,0.52920,0.50020,49.9925,49.3267,50.0025,8.487,1.614,9.028,29.772,48.582,0.37930,0.21700,0.43700,0.8680,0.33410,0.37870,0.50500,0.6615,1,0,1,147
2026-07-14T15:48:27.026+00:00,184.647,278,184,49.4430,0.9503,0.7471,0.8023,0.53320,0.53240,50.0000,49.9201,50.0000,20.369,1.742,19.044,48.744,39.204,0.28000,0.31920,0.42460,0.6594,0.31910,0.26030,0.41180,0.7749,0,0,1,147
2026-07-14T15:48:27.986+00:00,185.608,279,185,49.4410,0.9304,0.8068,0.8179,0.56500,0.56010,49.9975,49.4340,49.9950,8.795,1.529,8.889,38.808,48.600,0.33540,0.26980,0.43050,0.7793,0.28970,0.32860,0.43810,0.6613,1,0,1,147
2026-07-14T15:48:28.925+00:00,186.546,280,186,49.4550,0.8820,0.7937,0.7320,0.55620,0.48100,49.9975,49.5638,50.0050,18.512,1.864,13.562,38.772,38.772,0.32830,0.26370,0.42110,0.7796,0.37430,0.30060,0.48010,0.7796,0,0,1,147
2026-07-14T15:48:29.886+00:00,187.508,281,187,49.4670,0.9938,0.8066,0.8713,0.56510,0.60200,50.0025,49.3389,49.9938,9.257,1.687,14.040,39.042,29.070,0.31370,0.25440,0.40390,0.7767,0.33100,0.18400,0.37870,0.8740,1,0,1,147
2026-07-14T15:48:30.826+00:00,188.447,282,188,49.4800,0.8441,0.7911,0.6886,0.55340,0.45960,49.9900,49.4047,49.9900,13.476,1.816,9.563,38.808,38.772,0.32060,0.25780,0.41140,0.7793,0.40540,0.32560,0.51990,0.7796,1,0,1,147
2026-07-14T15:48:31.787+00:00,189.408,283,189,49.4870,1.0014,0.7819,0.8737,0.55870,0.59990,49.9975,49.7537,49.9963,9.733,1.479,13.846,39.024,38.736,0.31340,0.25400,0.40340,0.7769,0.29750,0.23860,0.38130,0.7800,0,0,1,147
2026-07-14T15:48:32.727+00:00,190.348,284,190,49.4960,0.8461,0.7864,0.6907,0.55720,0.46100,50.0025,49.7191,50.0025,16.334,1.661,11.537,38.826,38.736,0.32550,0.26190,0.41780,0.7791,0.38660,0.31020,0.49570,0.7800,0,0,1,147
2026-07-14T15:48:33.687+00:00,191.309,285,191,49.5020,0.9914,0.7965,0.8679,0.56480,0.60170,49.9950,49.9151,50.0037,8.527,1.775,11.541,38.754,38.916,0.31740,0.25480,0.40700,0.7798,0.31990,0.25830,0.41120,0.7781,0,0,1,147
2026-07-14T15:48:34.626+00:00,192.248,286,192,49.5050,0.8627,0.8065,0.7109,0.56210,0.46890,49.9900,49.8753,49.9963,18.927,1.608,14.240,38.916,48.582,0.33050,0.26680,0.42470,0.7781,0.30280,0.34330,0.45770,0.6615,0,0,1,147
2026-07-14T15:48:35.585+00:00,193.206,287,193,49.5090,0.9690,0.8053,0.8509,0.56210,0.59490,49.9975,49.9575,49.9963,8.510,1.496,9.595,38.736,48.438,0.33270,0.26690,0.42650,0.7800,0.29020,0.32730,0.43740,0.6634,0,0,1,147
2026-07-14T15:48:36.528+00:00,194.149,288,194,49.5140,0.8865,0.7864,0.7380,0.55250,0.48720,49.9975,49.8828,50.0000,20.258,1.948,17.401,39.042,39.204,0.32100,0.26030,0.41330,0.7767,0.33850,0.27610,0.43690,0.7749,0,0,1,147
2026-07-14T15:48:37.485+00:00,195.106,289,195,49.5180,0.9424,0.8033,0.8269,0.56510,0.56620,50.0000,49.4462,49.9950,9.159,1.659,7.658,38.808,58.356,0.34280,0.27570,0.44000,0.7793,0.24730,0.40130,0.47140,0.5246,1,0,1,147
2026-07-14T15:48:38.428+00:00,196.050,290,196,49.5250,0.9186,0.7571,0.7682,0.54070,0.50980,49.9925,49.9326,49.9950,21.369,1.844,19.644,39.060,39.384,0.32770,0.26600,0.42210,0.7765,0.30810,0.25300,0.39870,0.7729,0,0,1,147
2026-07-14T15:48:39.367+00:00,196.988,291,196,49.5250,0.9096,0.7983,0.7982,0.56280,0.54320,49.9975,49.3462,50.0025,9.327,1.841,8.281,38.808,58.248,0.34100,0.27430,0.43770,0.7793,0.26340,0.42560,0.50050,0.5262,1,0,1,147
2026-07-14T15:48:40.327+00:00,197.949,292,197,49.5280,0.9502,0.7625,0.8044,0.53110,0.53660,49.9950,49.6808,49.9950,20.565,1.851,21.516,38.880,38.826,0.33740,0.27200,0.43340,0.7785,0.27510,0.22140,0.35310,0.7791,0,0,1,147
2026-07-14T15:48:41.267+00:00,198.889,293,198,49.5420,0.8761,0.7473,0.7429,0.52920,0.51380,49.9975,49.8803,50.0063,7.896,1.636,8.239,29.700,48.492,0.37640,0.21470,0.43340,0.8686,0.35060,0.39620,0.52910,0.6627,0,0,1,147
2026-07-14T15:48:42.228+00:00,199.850,294,199,49.5350,0.9779,0.7458,0.8387,0.52870,0.55970,49.9950,49.5614,49.9913,18.272,1.768,21.200,38.880,38.754,0.33000,0.26610,0.42390,0.7785,0.26590,0.21350,0.34100,0.7798,0,0,1,147
2026-07-14T15:48:43.167+00:00,200.789,295,200,49.5440,0.8539,0.7510,0.7180,0.52960,0.49050,49.9925,49.9950,49.9950,8.756,2.100,8.017,38.808,38.718,0.33280,0.26760,0.42710,0.7793,0.41880,0.33570,0.53670,0.7802,0,0,1,147
2026-07-14T15:48:44.129+00:00,201.750,296,201,49.5540,0.9926,0.7469,0.8537,0.53450,0.58140,49.9975,49.9888,49.9950,15.630,1.604,20.061,38.898,38.754,0.31760,0.25620,0.40810,0.7783,0.26520,0.21290,0.34000,0.7798,0,0,1,147
2026-07-14T15:48:45.068+00:00,202.690,297,202,49.5490,0.8432,0.7652,0.6970,0.53830,0.47210,49.9900,49.7043,49.9987,11.142,2.052,8.354,38.898,38.736,0.32080,0.25890,0.41220,0.7783,0.41740,0.33480,0.53510,0.7800,0,0,1,147
2026-07-14T15:48:46.029+00:00,203.651,298,203,49.5610,0.9950,0.7733,0.8655,0.54390,0.59370,49.9950,49.6796,50.0000,12.750,1.485,17.574,48.420,38.898,0.26680,0.30080,0.40210,0.6637,0.27520,0.22200,0.35350,0.7783,0,0,1,147
2026-07-14T15:48:46.969+00:00,204.590,299,204,49.5690,0.8431,0.7636,0.6944,0.55000,0.46330,50.0050,49.9750,49.9975,14.858,2.063,11.190,39.078,38.880,0.31910,0.25920,0.41110,0.7763,0.38340,0.30920,0.49250,0.7785,0,0,1,147
2026-07-14T15:48:47.909+00:00,205.530,300,205,49.5830,0.9864,0.8048,0.8591,0.56480,0.59500,49.9950,49.9875,49.9950,8.113,1.968,8.409,38.934,48.726,0.33460,0.27030,0.43010,0.7779,0.30320,0.34540,0.45960,0.6597,0,0,1,147
2026-07-14T15:48:48.869+00:00,206.491,301,206,49.6010,0.9171,0.7820,0.7671,0.54360,0.50730,50.0025,49.9925,49.9900,20.297,1.762,22.308,38.808,39.060,0.33620,0.27030,0.43140,0.7793,0.27020,0.21930,0.34800,0.7765,0,0,1,147
2026-07-14T15:48:49.809+00:00,207.431,302,207,49.6170,0.8604,0.7502,0.7306,0.52730,0.50550,49.9950,49.6549,50.0037,9.065,1.998,7.888,38.790,39.042,0.32430,0.26070,0.41610,0.7794,0.41310,0.33500,0.53180,0.7767,0,0,1,147
2026-07-14T15:48:50.767+00:00,208.389,303,208,49.6320,0.9952,0.7704,0.8626,0.54720,0.59350,50.0000,49.9975,49.9963,10.158,1.634,14.086,38.754,39.078,0.31640,0.25400,0.40570,0.7798,0.29930,0.24310,0.38560,0.7763,0,0,1,147
2026-07-14T15:48:51.710+00:00,209.331,304,209,49.6430,0.8597,0.8018,0.7106,0.56080,0.46860,49.9975,49.8753,50.0037,18.868,2.417,17.162,38.880,39.546,0.32310,0.26050,0.41500,0.7785,0.33570,0.27720,0.43530,0.7711,0,0,1,147
2026-07-14T15:48:52.650+00:00,210.271,305,210,49.6510,0.9325,0.7989,0.8191,0.56470,0.55750,49.9925,49.9351,50.0000,8.178,1.773,7.521,39.078,48.762,0.33890,0.27520,0.43660,0.7763,0.34070,0.38860,0.51680,0.6592,0,0,1,147
2026-07-14T15:48:53.610+00:00,211.232,306,211,49.6580,0.9759,0.7403,0.8350,0.52900,0.56050,49.9950,49.9376,50.0088,16.092,1.714,18.942,38.754,29.052,0.32150,0.25810,0.41230,0.7798,0.30520,0.16960,0.34920,0.8742,0,0,1,147
2026-07-14T15:48:54.571+00:00,212.192,307,212,49.6610,0.8365,0.7493,0.6848,0.53960,0.46390,49.9950,49.8281,49.9975,14.717,2.105,10.645,38.790,38.736,0.32300,0.25960,0.41440,0.7794,0.38060,0.30530,0.48790,0.7800,0,0,1,147
2026-07-14T15:48:55.511+00:00,213.133,308,213,49.6630,0.9833,0.8040,0.8579,0.56300,0.59390,49.9900,49.9850,49.9900,8.643,1.792,8.746,29.592,48.618,0.38160,0.21670,0.43880,0.8696,0.33420,0.37930,0.50550,0.6611,0,0,1,147
2026-07-14T15:48:56.468+00:00,214.090,309,214,49.6640,0.9692,0.7529,0.8299,0.52670,0.55630,50.0025,49.9351,50.0000,14.271,2.216,17.132,39.006,38.754,0.31040,0.25140,0.39950,0.7771,0.28310,0.22720,0.36300,0.7798,0,0,1,147
2026-07-14T15:48:57.430+00:00,215.051,310,215,49.6660,0.8391,0.7833,0.6955,0.56080,0.46380,49.9975,49.9750,49.9975,19.404,2.560,17.387,38.898,39.240,0.32560,0.26270,0.41840,0.7783,0.31870,0.26030,0.41150,0.7745,0,0,1,147
2026-07-14T15:48:58.370+00:00,215.991,311,215,49.6660,0.9075,0.7978,0.7896,0.55740,0.53260,49.9950,49.9900,49.9950,8.889,1.764,7.877,39.276,38.790,0.32110,0.26260,0.41480,0.7741,0.41020,0.32970,0.52630,0.7794,0,0,1,147
2026-07-14T15:48:59.312+00:00,216.933,312,216,49.6670,1.0052,0.7703,0.8738,0.55140,0.59470,49.9900,49.8952,49.9938,8.741,1.720,10.430,48.402,38.754,0.27770,0.31280,0.41820,0.6639,0.34430,0.27640,0.44150,0.7798,0,0,1,147
2026-07-14T15:49:00.272+00:00,217.893,313,217,49.6680,0.8973,0.7952,0.7487,0.55190,0.49660,50.0000,49.9750,49.9987,20.262,1.684,20.508,38.826,48.438,0.32600,0.26240,0.41850,0.7791,0.22750,0.25660,0.34300,0.6634,0,0,1,147
2026-07-14T15:49:01.232+00:00,218.854,314,218,49.6690,0.8404,0.7471,0.6988,0.53610,0.48100,49.9925,49.9176,50.0125,14.868,1.667,11.381,38.826,48.456,0.32320,0.26010,0.41490,0.7791,0.31890,0.35990,0.48080,0.6632,0,0,1,147
2026-07-14T15:49:02.172+00:00,219.793,315,219,49.6700,0.9715,0.8019,0.8523,0.56090,0.59160,49.9925,49.9975,49.9963,8.580,2.514,8.505,39.132,48.420,0.33870,0.27550,0.43660,0.7757,0.33840,0.38150,0.50990,0.6637,0,0,1,147
2026-07-14T15:49:03.130+00:00,220.752,316,220,49.6690,0.9749,0.7453,0.8349,0.52740,0.56240,49.9925,50.0000,50.0000,13.299,1.863,16.701,39.114,38.736,0.31210,0.25380,0.40230,0.7759,0.28980,0.23250,0.37150,0.7800,0,0,1,147
2026-07-14T15:49:04.093+00:00,221.714,317,221,49.6700,0.8443,0.7945,0.6896,0.55850,0.46250,49.9975,49.9002,50.0075,19.815,2.473,17.884,39.042,39.204,0.32860,0.26650,0.42310,0.7767,0.31180,0.25430,0.40230,0.7749,0,0,1,147
2026-07-14T15:49:05.032+00:00,222.653,318,222,49.6720,0.9017,0.7924,0.7737,0.55470,0.52720,50.0000,49.9501,49.9850,9.409,2.311,8.532,29.700,48.474,0.35790,0.20410,0.41200,0.8686,0.34830,0.39330,0.52540,0.6630,0,0,1,147
2026-07-14T15:49:05.972+00:00,223.594,319,223,49.6760,1.0036,0.7761,0.8755,0.55510,0.59670,49.9950,49.9925,49.9875,8.460,2.132,10.029,38.718,48.510,0.32810,0.26300,0.42050,0.7802,0.29830,0.33730,0.45030,0.6625,0,0,1,147
2026-07-14T15:49:06.933+00:00,224.555,320,224,49.6790,0.9046,0.7823,0.7511,0.54820,0.50210,49.9975,49.9925,49.9938,18.897,1.696,20.909,38.790,38.826,0.33040,0.26550,0.42390,0.7794,0.26980,0.21710,0.34630,0.7791,0,0,1,147
2026-07-14T15:49:07.892+00:00,225.513,321,225,49.6840,0.8476,0.7538,0.6904,0.53340,0.47380,50.0050,49.9850,50.0013,15.250,1.669,11.867,38.826,48.510,0.32650,0.26280,0.41920,0.7791,0.31290,0.35380,0.47230,0.6625,0,0,1,147
2026-07-14T15:49:08.833+00:00,226.454,322,226,49.6890,0.9705,0.7979,0.8445,0.55990,0.58940,49.9900,49.9775,50.0000,7.915,2.202,8.900,39.348,48.510,0.33920,0.27810,0.43860,0.7733,0.34770,0.39320,0.52490,0.6625,0,0,1,147
2026-07-14T15:49:09.790+00:00,227.411,323,227,49.6960,0.9822,0.7483,0.8403,0.52650,0.56310,49.9975,49.8517,50.0025,12.995,1.607,16.208,38.952,38.826,0.31070,0.25120,0.39960,0.7777,0.29370,0.23640,0.37700,0.7791,0,0,1,147
2026-07-14T15:49:10.753+00:00,228.374,324,228,49.7040,0.8534,0.7902,0.6950,0.56040,0.46490,49.9975,49.8480,49.9900,21.198,1.724,18.397,39.078,39.258,0.32660,0.26520,0.42070,0.7763,0.30760,0.25140,0.39730,0.7743,0,0,1,147
2026-07-14T15:49:11.692+00:00,229.314,325,229,49.7090,0.8998,0.7970,0.7852,0.55570,0.52350,49.9950,49.9850,49.9975,9.168,1.730,8.713,39.582,48.474,0.31650,0.26160,0.41060,0.7707,0.34770,0.39260,0.52450,0.6630,0,0,1,147
2026-07-14T15:49:12.632+00:00,230.254,326,230,49.7120,0.9935,0.7870,0.8710,0.55950,0.59870,49.9950,49.8480,49.9975,8.059,1.576,9.177,39.024,48.492,0.33050,0.26790,0.42540,0.7769,0.30150,0.34070,0.45500,0.6627,0,0,1,147
2026-07-14T15:49:13.592+00:00,231.214,327,231,49.7120,0.9104,0.7715,0.7664,0.54390,0.50690,49.9925,49.9950,49.9913,20.193,1.659,21.116,39.078,38.718,0.32490,0.26380,0.41850,0.7763,0.26380,0.21150,0.33810,0.7802,0,0,1,147
2026-07-14T15:49:23.202+00:00,240.824,328,240,49.7240,0.8448,0.7630,0.6973,0.53710,0.47200,49.9900,49.9700,49.9900,15.823,1.669,13.105,38.718,38.718,0.32670,0.26190,0.41870,0.7802,0.36190,0.29010,0.46380,0.7802,0,0,1,147
2026-07-14T15:49:23.312+00:00,240.933,329,240,49.7240,0.9632,0.8024,0.8390,0.55910,0.58100,49.9975,49.9401,50.0050,7.998,1.845,7.758,29.502,48.492,0.38000,0.21500,0.43670,0.8703,0.34780,0.39300,0.52480,0.6627,0,0,1,147
2026-07-14T15:49:23.397+00:00,241.019,330,240,49.7240,0.9821,0.7521,0.8448,0.52800,0.56870,49.9975,49.9114,50.0088,13.396,1.750,16.028,38.790,38.754,0.31210,0.25080,0.40040,0.7794,0.29220,0.23450,0.37470,0.7798,0,0,1,147
2026-07-14T15:49:23.529+00:00,241.150,331,241,49.7270,0.8546,0.7890,0.7128,0.56220,0.46670,49.9875,49.9950,49.9938,21.216,2.399,20.510,38.844,39.348,0.33010,0.26580,0.42380,0.7789,0.29670,0.24330,0.38370,0.7733,0,0,1,147
2026-07-14T15:49:23.579+00:00,241.200,332,241,49.7270,0.8861,0.7897,0.7763,0.55080,0.51560,49.9987,49.9875,50.0050,9.356,2.685,7.978,39.294,38.880,0.31830,0.26050,0.41130,0.7739,0.41260,0.33270,0.53000,0.7785,0,0,1,147
2026-07-14T15:49:23.623+00:00,241.244,333,241,49.7270,0.9940,0.7802,0.8622,0.55780,0.59430,50.0000,49.8480,50.0000,8.281,1.924,9.015,38.934,48.708,0.33520,0.27080,0.43090,0.7779,0.30090,0.34260,0.45600,0.6599,0,0,1,147
2026-07-14T15:49:23.669+00:00,241.290,334,241,49.7270,0.9169,0.7753,0.7731,0.53970,0.51250,49.9875,49.9014,50.0037,19.114,2.440,21.151,38.952,39.060,0.31980,0.25850,0.41120,0.7777,0.26180,0.21250,0.33720,0.7765,0,0,1,147
2026-07-14T15:49:23.753+00:00,241.374,335,241,49.7270,0.8376,0.7625,0.6942,0.54180,0.46970,50.0025,49.9925,50.0037,15.934,2.668,13.172,39.078,39.060,0.32690,0.26550,0.42110,0.7763,0.35730,0.28990,0.46010,0.7765,0,0,1,147
2026-07-14T15:49:23.781+00:00,241.402,336,241,49.7270,0.9488,0.7977,0.8234,0.55610,0.57610,49.9875,49.9825,49.9987,9.234,1.700,8.139,39.546,48.762,0.33460,0.27630,0.43390,0.7711,0.34340,0.39170,0.52090,0.6592,0,0,1,147
2026-07-14T15:49:23.820+00:00,241.442,337,241,49.7270,0.9849,0.7531,0.8490,0.53100,0.57440,49.9975,49.9925,50.0000,12.010,2.359,15.726,38.916,38.916,0.31390,0.25350,0.40350,0.7781,0.29750,0.24020,0.38230,0.7781,0,0,1,147
2026-07-14T15:49:24.077+00:00,241.699,338,241,49.7270,0.8526,0.7887,0.7097,0.56120,0.47020,49.9925,49.9975,49.9938,20.897,2.652,18.944,38.718,39.492,0.33430,0.26800,0.42850,0.7802,0.29390,0.24220,0.38080,0.7717,0,0,1,147
2026-07-14T15:49:25.015+00:00,242.636,339,242,49.7290,0.8808,0.7824,0.7543,0.54630,0.50770,49.9987,49.9700,50.0025,9.482,1.763,8.096,39.276,38.754,0.31640,0.25870,0.40870,0.7741,0.40690,0.32660,0.52180,0.7798,0,0,1,147
2026-07-14T15:49:25.955+00:00,243.577,340,243,49.7310,1.0047,0.7857,0.8693,0.56160,0.59720,50.0000,50.0025,49.9913,8.365,1.630,9.335,38.808,48.600,0.33850,0.27230,0.43440,0.7793,0.30770,0.34900,0.46520,0.6613,0,0,1,147
2026-07-14T15:49:26.915+00:00,244.537,341,244,49.7330,0.9268,0.7719,0.7842,0.53520,0.52180,49.9975,49.9550,50.0063,18.241,1.653,19.644,38.826,38.754,0.31830,0.25620,0.40860,0.7791,0.26930,0.21620,0.34540,0.7798,0,0,1,147
2026-07-14T15:49:27.875+00:00,245.497,342,245,49.7340,0.8355,0.7593,0.6914,0.54550,0.47180,49.9950,49.9850,50.0037,16.123,1.674,13.419,38.916,38.772,0.32940,0.26600,0.42340,0.7781,0.34950,0.28080,0.44830,0.7796,0,0,1,147
2026-07-14T15:49:28.815+00:00,246.437,343,246,49.7330,0.9489,0.7898,0.8233,0.55230,0.57720,50.0000,49.9825,49.9888,8.412,1.772,8.966,39.582,48.762,0.33120,0.27380,0.42970,0.7707,0.34620,0.39490,0.52510,0.6592,0,0,1,147
2026-07-14T15:49:29.756+00:00,247.377,344,247,49.7290,0.9949,0.7446,0.8550,0.53280,0.58060,50.0025,49.9775,50.0025,11.168,2.155,14.738,38.898,38.934,0.31670,0.25550,0.40690,0.7783,0.30400,0.24560,0.39090,0.7779,0,0,1,147
2026-07-14T15:49:30.716+00:00,248.337,345,248,49.7260,0.8636,0.8063,0.7144,0.56020,0.47460,49.9925,49.9102,50.0000,20.794,2.399,19.061,38.754,38.790,0.33940,0.27240,0.43520,0.7798,0.28220,0.22680,0.36210,0.7794,0,0,1,147
2026-07-14T15:49:31.656+00:00,249.277,346,249,49.7240,0.8711,0.7432,0.7350,0.52670,0.51330,49.9975,49.9750,49.9913,10.117,1.882,8.976,38.808,38.898,0.31730,0.25520,0.40720,0.7793,0.40400,0.32600,0.51910,0.7783,0,0,1,147
2026-07-14T15:49:32.596+00:00,250.217,347,250,49.7230,1.0008,0.7957,0.8710,0.56330,0.59810,49.9950,49.9950,49.9938,8.353,1.797,9.011,38.826,48.600,0.33930,0.27310,0.43560,0.7791,0.31470,0.35700,0.47590,0.6613,0,0,1,147
2026-07-14T15:49:33.557+00:00,251.178,348,251,49.7250,0.9390,0.7589,0.7945,0.53190,0.53030,49.9925,49.9950,49.9888,16.681,1.882,19.340,38.736,38.772,0.32090,0.25740,0.41140,0.7800,0.27420,0.22020,0.35170,0.7796,0,0,1,147
2026-07-14T15:49:34.517+00:00,252.138,349,252,49.7290,0.8361,0.7671,0.6801,0.54450,0.46390,49.9950,49.9825,49.9975,17.314,2.395,14.492,38.898,48.456,0.33380,0.26930,0.42890,0.7783,0.28890,0.32600,0.43560,0.6632,0,0,1,147
2026-07-14T15:49:35.456+00:00,253.078,350,253,49.7340,0.9386,0.7819,0.8106,0.54770,0.57180,49.9950,49.9975,49.9987,8.686,1.656,8.798,39.492,48.600,0.32930,0.27130,0.42670,0.7717,0.34810,0.39480,0.52640,0.6613,0,0,1,147
2026-07-14T15:49:36.397+00:00,254.018,351,253,49.7340,1.0024,0.7525,0.8652,0.53700,0.58570,49.9900,49.9775,50.0000,10.246,1.623,12.859,38.916,38.754,0.31420,0.25370,0.40380,0.7781,0.31800,0.25530,0.40780,0.7798,0,0,1,147
2026-07-14T15:49:37.357+00:00,254.978,352,254,49.7400,0.8744,0.7957,0.7191,0.56070,0.47690,49.9975,49.9451,49.9987,20.576,1.735,19.730,38.736,48.474,0.33820,0.27130,0.43360,0.7800,0.23620,0.26680,0.35630,0.6630,0,0,1,147
2026-07-14T15:49:38.297+00:00,255.918,353,255,49.7430,0.8660,0.7467,0.7239,0.52650,0.50720,50.0000,49.9214,49.9987,11.189,1.694,9.327,38.826,38.736,0.31890,0.25670,0.40940,0.7791,0.40000,0.32090,0.51280,0.7800,0,0,1,147
2026-07-14T15:49:39.237+00:00,256.858,354,256,49.7480,1.0009,0.7996,0.8727,0.56490,0.59850,49.9900,49.9850,49.9938,8.567,1.709,8.680,38.826,48.420,0.34010,0.27370,0.43660,0.7791,0.32290,0.36400,0.48660,0.6637,0,0,1,147
2026-07-14T15:49:40.195+00:00,257.816,355,257,49.7630,0.9448,0.7444,0.8043,0.52990,0.53860,49.9950,49.9875,50.0037,16.134,1.670,18.684,38.736,38.754,0.31850,0.25550,0.40830,0.7800,0.27700,0.22240,0.35520,0.7798,0,0,1,147
2026-07-14T15:49:41.157+00:00,258.779,356,258,49.7630,0.8416,0.7773,0.6823,0.54870,0.46220,49.9975,49.9875,49.9987,18.691,2.478,17.797,39.096,49.050,0.32510,0.26420,0.41890,0.7761,0.26170,0.30150,0.39920,0.6554,0,0,1,147
2026-07-14T15:49:42.118+00:00,259.739,357,259,49.7600,0.8932,0.7914,0.7703,0.55260,0.51530,49.9925,49.9800,49.9975,10.938,1.578,9.188,38.826,48.474,0.31950,0.25710,0.41010,0.7791,0.32950,0.37210,0.49700,0.6630,0,0,1,147
2026-07-14T15:49:43.057+00:00,260.679,358,260,49.7630,0.9838,0.8007,0.8567,0.56260,0.59210,50.0025,49.9950,50.0000,8.593,2.439,8.602,39.510,48.438,0.33040,0.27250,0.42830,0.7715,0.34850,0.39310,0.52530,0.6634,0,0,1,147
2026-07-14T15:49:43.998+00:00,261.619,359,261,49.7600,1.0034,0.7528,0.8682,0.53920,0.58740,50.0050,49.9900,50.0100,8.839,1.627,9.958,38.718,38.790,0.32830,0.26320,0.42080,0.7802,0.35830,0.28800,0.45970,0.7794,0,0,1,147
2026-07-14T15:49:44.956+00:00,262.577,360,262,49.7580,0.9229,0.7729,0.7744,0.54180,0.51610,49.9975,49.9888,50.0013,16.187,2.253,18.235,38.718,48.510,0.31290,0.25080,0.40100,0.7802,0.23840,0.26960,0.35990,0.6625,0,0,1,147
2026-07-14T15:49:45.918+00:00,263.540,361,263,49.7580,0.8396,0.7852,0.6890,0.55970,0.46790,49.9950,49.9825,50.0025,20.668,1.992,19.821,38.718,39.276,0.33740,0.27050,0.43240,0.7802,0.28930,0.23660,0.37370,0.7741,0,0,1,147
2026-07-14T15:49:46.878+00:00,264.500,362,264,49.7590,0.8691,0.7657,0.7303,0.53520,0.49220,49.9975,49.9825,49.9975,12.939,1.687,11.395,38.790,48.420,0.32540,0.26150,0.41750,0.7794,0.31050,0.35000,0.46780,0.6637,0,0,1,147
2026-07-14T15:49:47.819+00:00,265.440,363,265,49.7600,0.9590,0.7951,0.8340,0.55340,0.57940,50.0000,50.0025,50.0025,8.626,1.790,8.774,38.916,48.600,0.32520,0.26250,0.41790,0.7781,0.34850,0.39530,0.52700,0.6613,0,0,1,147
2026-07-14T15:49:48.758+00:00,266.380,364,266,49.7640,1.0055,0.7683,0.8737,0.55050,0.59300,49.9950,49.9925,50.0037,8.382,1.625,9.082,38.808,48.600,0.33920,0.27280,0.43530,0.7793,0.31800,0.36070,0.48080,0.6613,0,0,1,147
2026-07-14T15:49:49.699+00:00,267.321,365,267,49.7710,0.9475,0.7505,0.8091,0.52850,0.54150,49.9925,49.9975,49.9900,13.727,2.120,15.789,39.060,38.772,0.30980,0.25140,0.39900,0.7765,0.29960,0.24060,0.38430,0.7796,0,0,1,147
2026-07-14T15:49:50.659+00:00,268.280,366,268,49.7760,0.8553,0.7889,0.7094,0.56160,0.47380,49.9925,49.9750,49.9963,19.800,2.119,20.531,38.754,48.492,0.33140,0.26600,0.42500,0.7798,0.23100,0.26110,0.34860,0.6627,0,0,1,147
2026-07-14T15:49:51.619+00:00,269.241,367,269,49.7820,0.8492,0.7460,0.7067,0.53560,0.48620,49.9900,49.9276,50.0063,16.733,1.633,13.753,38.754,48.492,0.33440,0.26840,0.42880,0.7798,0.28560,0.32270,0.43090,0.6627,0,0,1,147
2026-07-14T15:49:52.560+00:00,270.181,368,270,49.7910,0.9331,0.7746,0.7993,0.54020,0.56130,50.0000,49.9750,49.9975,8.399,1.575,8.841,38.898,58.212,0.31890,0.25730,0.40970,0.7783,0.27540,0.44440,0.52280,0.5268,0,0,1,147
2026-07-14T15:49:53.499+00:00,271.120,369,271,49.7980,0.9980,0.7906,0.8707,0.56230,0.59550,49.9975,49.9750,50.0025,8.155,1.477,8.586,38.808,48.510,0.34100,0.27420,0.43760,0.7793,0.34050,0.38500,0.51390,0.6625,0,0,1,147
2026-07-14T15:49:54.439+00:00,272.061,370,272,49.8090,0.9784,0.7480,0.8350,0.52640,0.55970,49.9950,49.9925,50.0000,11.943,1.553,13.608,39.042,38.790,0.31590,0.25620,0.40670,0.7767,0.31930,0.25660,0.40960,0.7794,0,0,1,147
2026-07-14T15:49:55.397+00:00,273.019,371,272,49.8090,0.8770,0.7937,0.7215,0.55760,0.48440,50.0000,49.9925,49.9963,20.556,2.163,21.015,38.718,38.808,0.32600,0.26130,0.41780,0.7802,0.26710,0.21480,0.34280,0.7793,0,0,1,147
2026-07-14T15:49:56.360+00:00,273.981,372,273,49.8170,0.8415,0.7635,0.6978,0.54260,0.46810,50.0000,49.9775,49.9938,19.410,1.760,17.051,38.790,39.186,0.32460,0.26090,0.41640,0.7794,0.31860,0.25970,0.41100,0.7751,0,0,1,147
2026-07-14T15:49:57.320+00:00,274.941,373,274,49.8240,0.9036,0.8003,0.7921,0.55670,0.52660,50.0037,49.9900,50.0050,10.339,1.891,8.926,39.060,38.826,0.31750,0.25770,0.40890,0.7765,0.40190,0.32340,0.51590,0.7791,0,0,1,147
2026-07-14T15:49:58.260+00:00,275.881,374,275,49.8280,0.9870,0.7989,0.8573,0.56520,0.58990,50.0000,49.9725,50.0063,7.764,1.609,7.459,39.240,48.474,0.33730,0.27550,0.43550,0.7745,0.34890,0.39400,0.52630,0.6630,0,0,1,147
2026-07-14T15:49:59.200+00:00,276.821,375,276,49.8320,0.9875,0.7468,0.8544,0.53040,0.57590,50.0025,49.9975,49.9987,9.623,1.454,11.614,39.042,48.492,0.32450,0.26320,0.41780,0.7767,0.28930,0.32690,0.43650,0.6627,0,0,1,147
2026-07-14T15:50:00.158+00:00,277.780,376,277,49.8360,0.8971,0.7876,0.7529,0.54620,0.50240,49.9925,49.9850,49.9950,18.813,1.975,20.303,38.718,38.754,0.31760,0.25460,0.40710,0.7802,0.27180,0.21810,0.34850,0.7798,0,0,1,147
2026-07-14T15:50:01.120+00:00,278.742,377,278,49.8420,0.8407,0.7799,0.6931,0.55350,0.46380,49.9975,49.9600,49.9913,21.183,1.643,19.887,48.510,39.240,0.28270,0.31960,0.42670,0.6625,0.29390,0.24000,0.37940,0.7745,0,0,1,147
2026-07-14T15:50:02.080+00:00,279.702,378,279,49.8470,0.8796,0.7853,0.7648,0.54520,0.50370,49.9987,49.9838,49.9950,12.010,1.514,10.878,39.060,38.754,0.31960,0.25940,0.41160,0.7765,0.37890,0.30410,0.48580,0.7798,0,0,1,147
2026-07-14T15:50:03.021+00:00,280.643,379,280,49.8520,0.9778,0.8031,0.8405,0.56280,0.58210,49.9950,49.9800,49.9950,7.755,1.648,7.849,39.276,48.492,0.33160,0.27110,0.42830,0.7741,0.35330,0.39920,0.53310,0.6627,0,0,1,147
2026-07-14T15:50:03.961+00:00,281.582,380,281,49.8600,0.9952,0.7570,0.8617,0.54120,0.58620,49.9975,49.9800,50.0050,7.773,1.156,8.098,39.060,48.492,0.33770,0.27410,0.43490,0.7765,0.32690,0.36940,0.49320,0.6627,0,0,1,147
2026-07-14T15:50:04.901+00:00,282.523,381,282,49.8630,0.9616,0.7479,0.8252,0.52590,0.55650,50.0000,49.9863,50.0025,10.841,1.478,11.486,38.916,48.420,0.32730,0.26430,0.42070,0.7781,0.29140,0.32850,0.43910,0.6637,0,0,1,147
2026-07-14T15:50:05.842+00:00,283.464,382,283,49.8750,0.9111,0.7784,0.7718,0.53840,0.51740,50.0000,49.8691,50.0013,16.082,1.689,16.837,38.808,38.898,0.31270,0.25150,0.40130,0.7793,0.29890,0.24110,0.38400,0.7783,0,0,1,147
2026-07-14T15:50:06.782+00:00,284.403,383,284,49.8850,0.8695,0.7930,0.7306,0.55760,0.48400,50.0000,50.0000,49.9987,20.154,1.241,21.087,38.736,38.718,0.31500,0.25270,0.40390,0.7800,0.26970,0.21620,0.34570,0.7802,0,0,1,147
2026-07-14T15:50:07.740+00:00,285.361,384,285,49.8950,0.8394,0.7881,0.6973,0.55900,0.46750,49.9900,49.9825,49.9938,21.056,1.685,22.278,39.078,38.916,0.32960,0.26770,0.42460,0.7763,0.26330,0.21260,0.33840,0.7781,0,0,1,147
2026-07-14T15:50:08.702+00:00,286.323,385,286,49.9020,0.8431,0.7524,0.7018,0.54090,0.47380,49.9925,50.0000,49.9963,19.202,1.534,19.817,38.844,39.546,0.33140,0.26680,0.42550,0.7789,0.28920,0.23880,0.37500,0.7711,0,0,1,147
2026-07-14T15:50:09.662+00:00,287.284,386,287,49.9110,0.8671,0.7782,0.7451,0.53620,0.49120,50.0000,49.9925,49.9950,16.045,1.603,14.767,38.736,38.898,0.33600,0.26960,0.43080,0.7800,0.31960,0.25790,0.41060,0.7783,0,0,1,147
2026-07-14T15:50:10.623+00:00,288.244,387,288,49.9200,0.9087,0.7663,0.7774,0.53400,0.53740,50.0000,49.9913,50.0000,10.536,2.304,10.059,39.096,39.060,0.31830,0.25860,0.41010,0.7761,0.37000,0.30020,0.47650,0.7765,0,0,1,147
2026-07-14T15:50:11.583+00:00,289.204,388,289,49.9290,0.9584,0.8017,0.8291,0.55610,0.57130,50.0050,49.9700,50.0025,8.563,1.732,7.559,38.808,48.744,0.31910,0.25660,0.40950,0.7793,0.34250,0.39050,0.51950,0.6594,0,0,1,147
2026-07-14T15:50:12.522+00:00,290.144,389,290,49.9370,0.9947,0.7961,0.8612,0.56550,0.58850,50.0000,49.9975,49.9875,9.259,1.814,7.773,39.348,48.762,0.32610,0.26740,0.42170,0.7733,0.34810,0.39710,0.52800,0.6592,0,0,1,147
2026-07-14T15:50:13.462+00:00,291.084,390,291,49.9450,1.0000,0.7744,0.8657,0.55000,0.58900,49.9950,49.9725,49.9938,8.706,1.672,8.662,38.754,48.636,0.34350,0.27570,0.44040,0.7798,0.33880,0.38470,0.51260,0.6608,0,0,1,147
2026-07-14T15:50:14.403+00:00,292.024,391,291,49.9450,0.9901,0.7454,0.8503,0.52960,0.57480,49.9950,49.9950,49.9938,8.932,1.958,9.662,38.790,38.754,0.33190,0.26670,0.42580,0.7794,0.37150,0.29820,0.47640,0.7798,0,0,1,147
2026-07-14T15:50:15.344+00:00,292.965,392,292,49.9520,0.9404,0.7665,0.8007,0.53110,0.53750,49.9950,49.9713,49.9938,12.197,2.269,13.070,39.078,48.528,0.32130,0.26090,0.41390,0.7763,0.27350,0.30950,0.41300,0.6623,0,0,1,147
2026-07-14T15:50:16.284+00:00,293.905,393,293,49.9550,0.8926,0.7874,0.7534,0.54140,0.50920,49.9900,49.9987,49.9987,14.954,1.813,14.627,39.060,48.510,0.31860,0.25850,0.41030,0.7765,0.27100,0.30640,0.40910,0.6625,0,0,1,147
2026-07-14T15:50:17.223+00:00,294.844,394,294,49.9560,0.8898,0.7858,0.7541,0.54090,0.51200,49.9975,49.9875,49.9975,14.914,1.992,14.307,39.060,48.510,0.31920,0.25900,0.41100,0.7765,0.27020,0.30550,0.40790,0.6625,0,0,1,147
2026-07-14T15:50:18.163+00:00,295.784,395,295,49.9570,0.8897,0.7828,0.7563,0.54050,0.51340,49.9950,49.9963,49.9950,14.899,1.975,14.599,38.826,38.754,0.31740,0.25550,0.40750,0.7791,0.32150,0.25810,0.41230,0.7798,0,0,1,147
2026-07-14T15:50:19.103+00:00,296.725,396,296,49.9590,0.8937,0.7849,0.7564,0.54660,0.50970,49.9975,50.0050,49.9963,14.971,1.911,14.663,38.808,38.736,0.31770,0.25550,0.40770,0.7793,0.32210,0.25840,0.41290,0.7800,0,0,1,147
2026-07-14T15:50:20.044+00:00,297.665,397,297,49.9590,0.8944,0.7852,0.7560,0.54640,0.50990,49.9925,50.0050,49.9900,15.264,2.073,14.674,38.808,38.718,0.31790,0.25570,0.40800,0.7793,0.32060,0.25700,0.41090,0.7802,0,0,1,147
2026-07-14T15:50:20.984+00:00,298.606,398,298,49.9590,0.8936,0.7832,0.7585,0.54540,0.51040,50.0000,49.9975,49.9950,15.476,2.155,15.064,38.808,38.718,0.31800,0.25580,0.40810,0.7793,0.31950,0.25610,0.40940,0.7802,0,0,1,147
2026-07-14T15:50:21.924+00:00,299.546,399,299,49.9590,0.8898,0.7846,0.7561,0.54550,0.51100,50.0000,49.9925,49.9925,15.391,2.123,14.961,38.790,38.880,0.31780,0.25540,0.40770,0.7794,0.31870,0.25700,0.40940,0.7785,0,0,1,147
2026-07-14T15:50:22.864+00:00,300.486,400,300,49.9610,0.8944,0.7856,0.7609,0.54500,0.51190,49.9900,49.9900,50.0000,14.559,1.677,15.251,38.826,39.042,0.31750,0.25550,0.40760,0.7791,0.31640,0.25660,0.40730,0.7767,0,0,1,147
2026-07-14T15:50:23.805+00:00,301.426,401,301,49.9590,0.8947,0.7835,0.7588,0.54420,0.51150,49.9975,49.9900,50.0013,14.995,1.909,14.501,38.808,39.078,0.31740,0.25530,0.40730,0.7793,0.31670,0.25720,0.40800,0.7763,0,0,1,147
2026-07-14T15:50:24.745+00:00,302.366,402,302,49.9580,0.8952,0.7864,0.7588,0.54360,0.51220,49.9925,50.0037,49.9913,14.286,1.689,15.188,38.754,38.898,0.31750,0.25490,0.40720,0.7798,0.31850,0.25700,0.40930,0.7783,0,0,1,147
2026-07-14T15:50:25.685+00:00,303.306,403,303,49.9580,0.8923,0.7835,0.7564,0.54330,0.51210,49.9950,50.0050,49.9987,14.690,1.612,14.543,38.718,38.754,0.31800,0.25490,0.40750,0.7802,0.31970,0.25670,0.41000,0.7798,0,0,1,147
2026-07-14T15:50:26.626+00:00,304.247,404,304,49.9570,0.8925,0.7853,0.7566,0.54290,0.51210,50.0000,49.9963,49.9963,14.669,1.687,14.627,38.736,38.754,0.31750,0.25470,0.40710,0.7800,0.31960,0.25650,0.40980,0.7798,0,0,1,147
2026-07-14T15:50:27.566+00:00,305.187,405,305,49.9570,0.8922,0.7874,0.7561,0.54290,0.51210,49.9950,50.0025,50.0050,14.608,1.671,14.574,38.718,38.772,0.31780,0.25470,0.40730,0.7802,0.31920,0.25640,0.40940,0.7796,0,0,1,147
2026-07-14T15:50:28.505+00:00,306.127,406,306,49.9580,0.8923,0.7850,0.7565,0.54340,0.51250,49.9925,50.0100,49.9950,14.289,1.817,14.184,38.898,48.474,0.31740,0.25610,0.40790,0.7783,0.27250,0.30770,0.41100,0.6630,0,0,1,147
2026-07-14T15:50:29.446+00:00,307.067,407,307,49.9520,0.8919,0.7848,0.7543,0.54270,0.51200,49.9975,50.0050,49.9975,14.405,1.779,14.069,38.916,48.420,0.31690,0.25590,0.40730,0.7781,0.27250,0.30710,0.41050,0.6637,0,0,1,147
2026-07-14T15:50:30.386+00:00,308.007,408,307,49.9520,0.8883,0.7852,0.7532,0.54330,0.51200,50.0025,50.0013,50.0000,14.548,1.603,14.592,38.718,38.736,0.31760,0.25460,0.40710,0.7802,0.31930,0.25610,0.40930,0.7800,0,0,1,147
2026-07-14T15:50:31.327+00:00,308.948,409,308,49.9590,0.8922,0.7839,0.7556,0.54260,0.51130,49.9950,49.9950,49.9975,14.630,1.609,14.180,38.898,38.754,0.31730,0.25600,0.40770,0.7783,0.31970,0.25660,0.40990,0.7798,0,0,1,147
2026-07-14T15:50:32.266+00:00,309.888,410,309,49.9590,0.8911,0.7853,0.7530,0.54260,0.51180,49.9975,50.0063,50.0000,14.437,1.692,14.142,38.898,48.474,0.31680,0.25560,0.40710,0.7783,0.27160,0.30670,0.40970,0.6630,0,0,1,147
2026-07-14T15:50:33.206+00:00,310.828,411,310,49.9610,0.8911,0.7851,0.7530,0.54210,0.51080,50.0050,50.0037,50.0025,14.269,1.826,14.460,39.042,48.420,0.31620,0.25650,0.40720,0.7767,0.27180,0.30640,0.40960,0.6637,0,0,1,147
2026-07-14T15:50:34.146+00:00,311.768,412,311,49.9620,0.8862,0.7835,0.7526,0.54250,0.51120,50.0000,50.0113,49.9950,14.959,2.109,14.790,39.060,48.492,0.31680,0.25710,0.40800,0.7765,0.27120,0.30640,0.40920,0.6627,0,0,1,147
2026-07-14T15:50:35.087+00:00,312.708,413,312,49.9630,0.8867,0.7871,0.7515,0.54160,0.51030,49.9950,49.9987,50.0037,15.294,2.191,14.828,39.078,48.510,0.31720,0.25750,0.40860,0.7763,0.26920,0.30440,0.40630,0.6625,0,0,1,147
2026-07-14T15:50:36.026+00:00,313.647,414,313,49.9670,0.8869,0.7859,0.7511,0.54120,0.51050,49.9900,50.0000,49.9938,15.175,1.893,15.194,38.898,48.492,0.31900,0.25740,0.40990,0.7783,0.26790,0.30270,0.40420,0.6627,0,0,1,147
2026-07-14T15:50:36.966+00:00,314.588,415,314,49.9710,0.8880,0.7863,0.7549,0.54060,0.51100,49.9975,50.0050,49.9925,15.325,2.020,14.926,38.718,38.718,0.31640,0.25360,0.40550,0.7802,0.32040,0.25690,0.41070,0.7802,0,0,1,147
2026-07-14T15:50:37.906+00:00,315.528,416,315,49.9730,0.8920,0.7902,0.7532,0.54730,0.50740,50.0000,49.9913,49.9975,15.408,2.322,14.878,38.844,38.718,0.31700,0.25530,0.40700,0.7789,0.31930,0.25600,0.40920,0.7802,0,0,1,147
2026-07-14T15:50:38.847+00:00,316.469,417,316,49.9740,0.8918,0.7886,0.7532,0.54730,0.50860,50.0025,49.9987,49.9987,15.456,2.318,14.854,38.808,38.736,0.31740,0.25530,0.40730,0.7793,0.31780,0.25500,0.40750,0.7800,0,0,1,147
2026-07-14T15:50:39.787+00:00,317.408,418,317,49.9760,0.8932,0.7872,0.7562,0.54670,0.50840,49.9950,50.0050,49.9963,15.859,2.155,15.308,38.808,38.898,0.31820,0.25590,0.40830,0.7793,0.31560,0.25470,0.40550,0.7783,0,0,1,147
2026-07-14T15:50:40.728+00:00,318.349,419,318,49.9780,0.8929,0.7852,0.7554,0.54640,0.50870,50.0000,49.9950,50.0000,14.706,2.131,15.853,38.826,39.078,0.31800,0.25590,0.40820,0.7791,0.31300,0.25420,0.40320,0.7763,0,0,1,147
2026-07-14T15:50:41.668+00:00,319.290,420,319,49.9800,0.8909,0.7859,0.7565,0.54480,0.50980,50.0000,50.0037,50.0000,14.817,2.022,15.754,38.754,39.042,0.31800,0.25530,0.40780,0.7798,0.31310,0.25390,0.40310,0.7767,0,0,1,147
2026-07-14T15:50:42.609+00:00,320.230,421,320,49.9830,0.8903,0.7843,0.7539,0.54470,0.50880,49.9975,49.9987,49.9900,15.429,1.310,14.943,48.510,39.078,0.26980,0.30500,0.40720,0.6625,0.31380,0.25480,0.40420,0.7763,0,0,1,147
2026-07-14T15:50:43.548+00:00,321.170,422,321,49.9850,0.8889,0.7869,0.7541,0.54430,0.50970,49.9975,49.9888,49.9975,14.496,2.093,15.554,38.754,38.934,0.31740,0.25480,0.40700,0.7798,0.31560,0.25500,0.40570,0.7779,0,0,1,147
2026-07-14T15:50:44.488+00:00,322.110,423,322,49.9880,0.8870,0.7855,0.7542,0.54340,0.50930,49.9950,49.9975,50.0000,14.797,1.798,14.438,38.898,38.736,0.31670,0.25550,0.40700,0.7783,0.31740,0.25460,0.40690,0.7800,0,0,1,147
2026-07-14T15:50:45.429+00:00,323.051,424,322,49.9880,0.8879,0.7841,0.7493,0.54340,0.50940,49.9900,50.0013,50.0013,14.260,1.592,14.544,39.042,48.420,0.31650,0.25670,0.40750,0.7767,0.27090,0.30530,0.40810,0.6637,0,0,1,147
2026-07-14T15:50:46.370+00:00,323.991,425,323,49.9900,0.8847,0.7841,0.7507,0.54270,0.51050,50.0025,49.9975,49.9963,14.266,1.583,14.578,39.078,48.402,0.31560,0.25630,0.40660,0.7763,0.27050,0.30470,0.40740,0.6639,0,0,1,147
2026-07-14T15:50:47.310+00:00,324.931,426,324,49.9920,0.8851,0.7850,0.7462,0.54300,0.51080,49.9975,49.9987,49.9950,14.696,1.663,14.698,39.078,48.510,0.31610,0.25670,0.40720,0.7763,0.27090,0.30630,0.40890,0.6625,0,0,1,147
2026-07-14T15:50:48.250+00:00,325.871,427,325,49.9940,0.8855,0.7853,0.7467,0.54300,0.51050,50.0000,50.0100,49.9975,14.937,1.721,14.787,39.042,48.492,0.31640,0.25660,0.40730,0.7767,0.27090,0.30610,0.40880,0.6627,0,0,1,147
2026-07-14T15:50:49.189+00:00,326.810,428,326,49.9970,0.8897,0.7854,0.7508,0.54240,0.51150,49.9925,50.0013,49.9938,15.198,1.875,14.690,39.060,48.510,0.31630,0.25670,0.40740,0.7765,0.27010,0.30540,0.40780,0.6625,0,0,1,147
2026-07-14T15:50:50.129+00:00,327.750,429,327,50.0010,0.8867,0.7866,0.7509,0.54230,0.51190,50.0000,50.0037,49.9900,15.236,2.115,15.050,38.934,38.808,0.31400,0.25360,0.40360,0.7779,0.32160,0.25860,0.41270,0.7793,0,0,1,147
2026-07-14T15:50:51.069+00:00,328.691,430,328,50.0060,0.8924,0.7940,0.7516,0.54810,0.50750,49.9900,50.0037,50.0000,15.204,1.856,14.987,38.844,38.736,0.31570,0.25420,0.40540,0.7789,0.32100,0.25750,0.41150,0.7800,0,0,1,147
2026-07-14T15:50:52.009+00:00,329.631,431,329,50.0100,0.8931,0.7922,0.7551,0.54750,0.50970,49.9975,50.0013,50.0013,15.282,1.766,14.863,38.808,38.718,0.31620,0.25430,0.40570,0.7793,0.31910,0.25580,0.40900,0.7802,0,0,1,147
2026-07-14T15:50:52.950+00:00,330.572,432,330,50.0120,0.8928,0.7903,0.7562,0.54740,0.50840,50.0000,49.9975,49.9963,15.364,1.792,14.785,38.790,38.718,0.31680,0.25470,0.40650,0.7794,0.31860,0.25540,0.40840,0.7802,0,0,1,147
2026-07-14T15:50:53.890+00:00,331.512,433,331,50.0140,0.8943,0.7892,0.7556,0.54660,0.50990,50.0025,49.9963,50.0013,15.855,2.295,15.263,38.826,38.736,0.31700,0.25510,0.40690,0.7791,0.31690,0.25420,0.40630,0.7800,0,0,1,147
2026-07-14T15:50:54.830+00:00,332.451,434,332,50.0100,0.8893,0.7893,0.7542,0.54670,0.50800,49.9950,49.9938,50.0063,15.691,2.298,15.485,38.790,38.898,0.31800,0.25560,0.40800,0.7794,0.31480,0.25400,0.40450,0.7783,0,0,1,147
2026-07-14T15:50:55.770+00:00,333.392,435,333,50.0160,0.8966,0.7874,0.7569,0.54690,0.50970,50.0000,49.9938,49.9950,14.927,2.127,15.536,38.826,39.060,0.31790,0.25580,0.40810,0.7791,0.31500,0.25560,0.40570,0.7765,0,0,1,147
2026-07-14T15:50:56.711+00:00,334.332,436,334,50.0190,0.8934,0.7853,0.7571,0.54680,0.51120,49.9925,49.9913,49.9938,15.081,2.155,15.096,38.736,39.042,0.31810,0.25520,0.40780,0.7800,0.31470,0.25520,0.40510,0.7767,0,0,1,147
2026-07-14T15:50:57.651+00:00,335.273,437,335,50.0220,0.8927,0.7841,0.7569,0.54490,0.51100,49.9950,49.9950,49.9938,14.097,1.337,15.449,48.600,38.934,0.26900,0.30510,0.40680,0.6613,0.31750,0.25650,0.40820,0.7779,0,0,1,147
2026-07-14T15:50:58.591+00:00,336.213,438,336,50.0220,0.8902,0.7846,0.7539,0.54400,0.51140,49.9975,49.9938,49.9987,14.500,2.061,14.698,38.754,38.808,0.31700,0.25440,0.40650,0.7798,0.31840,0.25610,0.40860,0.7793,0,0,1,147
2026-07-14T15:50:59.532+00:00,337.153,439,337,50.0240,0.8894,0.7865,0.7537,0.54360,0.51090,49.9950,49.9875,49.9938,14.541,2.047,14.706,38.754,38.790,0.31720,0.25460,0.40680,0.7798,0.31720,0.25500,0.40700,0.7794,0,0,1,147
2026-07-14T15:51:00.471+00:00,338.093,440,338,50.0240,0.8879,0.7846,0.7520,0.54290,0.51100,50.0000,49.9963,49.9888,14.594,1.891,14.770,38.736,38.754,0.31740,0.25470,0.40700,0.7800,0.31850,0.25560,0.40840,0.7798,0,0,1,147
2026-07-14T15:51:01.412+00:00,339.034,441,338,50.0240,0.8889,0.7847,0.7526,0.54390,0.51070,49.9950,49.9875,49.9975,14.259,2.067,14.412,38.898,48.474,0.31640,0.25530,0.40660,0.7783,0.27090,0.30590,0.40860,0.6630,0,0,1,147
2026-07-14T15:51:02.352+00:00,339.974,442,339,50.0270,0.8845,0.7839,0.7447,0.54290,0.51060,49.9925,49.9888,49.9963,15.109,1.657,14.675,39.078,48.492,0.31660,0.25710,0.40780,0.7763,0.27020,0.30540,0.40780,0.6627,0,0,1,147
2026-07-14T15:51:03.291+00:00,340.912,443,340,50.0310,0.8860,0.7850,0.7494,0.54280,0.51070,49.9900,50.0063,49.9913,15.148,1.811,14.436,39.060,48.510,0.31620,0.25660,0.40720,0.7765,0.26990,0.30520,0.40740,0.6625,0,0,1,147
2026-07-14T15:51:04.231+00:00,341.852,444,341,50.0340,0.8867,0.7877,0.7491,0.54290,0.51150,49.9975,49.9925,49.9963,15.187,2.064,14.856,38.790,38.790,0.31400,0.25240,0.40290,0.7794,0.32210,0.25890,0.41330,0.7794,0,0,1,147
2026-07-14T15:51:05.171+00:00,342.793,445,342,50.0360,0.8915,0.7928,0.7517,0.54800,0.50760,50.0000,49.9975,50.0050,15.266,2.210,14.929,38.826,38.736,0.31420,0.25290,0.40330,0.7791,0.32020,0.25680,0.41050,0.7800,0,0,1,147
2026-07-14T15:51:06.112+00:00,343.734,446,343,50.0400,0.8911,0.7937,0.7533,0.54780,0.50810,49.9975,49.9925,49.9950,15.829,1.878,14.999,38.790,38.718,0.31580,0.25380,0.40520,0.7794,0.31730,0.25440,0.40660,0.7802,0,0,1,147
2026-07-14T15:51:07.051+00:00,344.673,447,344,50.0430,0.8927,0.7921,0.7564,0.54760,0.50860,50.0000,50.0000,49.9950,15.947,1.728,15.369,38.826,38.754,0.31580,0.25410,0.40540,0.7791,0.31660,0.25410,0.40600,0.7798,0,0,1,147
2026-07-14T15:51:07.992+00:00,345.613,448,345,50.0440,0.8924,0.7907,0.7580,0.54730,0.50890,50.0025,49.9925,50.0000,15.827,1.746,15.546,38.790,38.880,0.31670,0.25460,0.40640,0.7794,0.31490,0.25390,0.40450,0.7785,0,0,1,147
2026-07-14T15:51:08.932+00:00,346.554,449,346,50.0480,0.8937,0.7911,0.7586,0.54700,0.50900,49.9925,49.9913,50.0000,15.182,2.278,15.755,38.808,39.078,0.31730,0.25520,0.40720,0.7793,0.31370,0.25470,0.40410,0.7763,0,0,1,147
2026-07-14T15:51:09.872+00:00,347.493,450,347,50.0480,0.8926,0.7870,0.7574,0.54690,0.50960,49.9950,50.0050,49.9963,15.231,2.021,15.500,38.736,39.060,0.31800,0.25510,0.40770,0.7800,0.31320,0.25420,0.40340,0.7765,0,0,1,147
2026-07-14T15:51:10.813+00:00,348.435,451,348,50.0490,0.8925,0.7855,0.7568,0.54560,0.50950,49.9950,50.0000,50.0013,15.369,2.051,15.291,38.718,39.042,0.31870,0.25550,0.40840,0.7802,0.31320,0.25400,0.40330,0.7767,0,0,1,147
2026-07-14T15:51:11.753+00:00,349.374,452,349,50.0520,0.8902,0.7859,0.7554,0.54500,0.50950,50.0000,49.9938,49.9963,14.781,1.304,14.840,39.006,38.736,0.31650,0.25640,0.40730,0.7771,0.31760,0.25480,0.40720,0.7800,0,0,1,147
2026-07-14T15:51:12.693+00:00,350.314,453,350,50.0540,0.8882,0.7833,0.7531,0.54390,0.51020,50.0025,50.0025,50.0000,14.666,2.022,14.126,38.898,38.736,0.32170,0.25960,0.41340,0.7783,0.32980,0.26460,0.42280,0.7800,0,0,1,147
2026-07-14T15:51:13.634+00:00,351.255,454,351,50.0560,0.9103,0.7762,0.7807,0.53380,0.53180,49.9950,50.0977,49.9963,10.921,2.289,10.287,38.808,48.582,0.33490,0.26930,0.42970,0.7793,0.31510,0.35720,0.47630,0.6615,0,0,1,147
2026-07-14T15:51:14.594+00:00,352.216,455,352,50.0570,0.9573,0.7413,0.8257,0.52440,0.56880,50.0025,49.9925,49.9950,8.508,2.606,8.707,38.844,48.420,0.34270,0.27600,0.44010,0.7789,0.34240,0.38590,0.51590,0.6637,0,0,1,147
2026-07-14T15:51:15.554+00:00,353.175,456,353,50.0600,0.9994,0.7580,0.8668,0.53840,0.58970,49.9950,50.0175,49.9900,8.719,2.208,8.597,39.492,48.582,0.32270,0.26600,0.41820,0.7717,0.34720,0.39350,0.52480,0.6615,0,0,1,147
2026-07-14T15:51:16.514+00:00,354.135,457,354,50.0630,1.0015,0.7789,0.8704,0.56050,0.59120,49.9975,50.0000,49.9950,8.727,2.244,8.298,38.736,38.916,0.32090,0.25740,0.41140,0.7800,0.40800,0.32940,0.52430,0.7781,0,0,1,147
2026-07-14T15:51:17.474+00:00,355.095,458,355,50.0680,0.9971,0.8068,0.8570,0.56550,0.57300,49.9975,50.0050,50.0025,8.961,2.958,9.280,38.826,38.916,0.31890,0.25660,0.40940,0.7791,0.36850,0.29750,0.47360,0.7781,0,0,1,147
2026-07-14T15:51:18.431+00:00,356.053,459,355,50.0680,0.9452,0.7950,0.8020,0.54800,0.54200,49.9975,49.9900,49.9938,12.096,2.082,13.031,38.934,38.754,0.32980,0.26640,0.42400,0.7779,0.31780,0.25510,0.40750,0.7798,0,0,1,147
2026-07-14T15:51:19.374+00:00,356.995,460,356,50.0740,0.8945,0.7555,0.7440,0.52590,0.50380,49.9950,50.0150,49.9987,16.325,2.068,17.707,39.042,39.312,0.33170,0.26900,0.42710,0.7767,0.28880,0.23650,0.37330,0.7737,0,0,1,147
2026-07-14T15:51:20.315+00:00,357.936,461,357,50.0800,0.8587,0.7714,0.7227,0.52820,0.47560,50.0037,50.0100,50.0000,19.827,2.754,20.922,38.736,48.474,0.32530,0.26090,0.41700,0.7800,0.22840,0.25790,0.34440,0.6630,0,0,1,147
2026-07-14T15:51:21.254+00:00,358.876,462,358,50.0850,0.8390,0.7704,0.6906,0.55320,0.47180,49.9950,50.0075,49.9900,21.007,2.898,19.710,38.808,48.492,0.31340,0.25210,0.40220,0.7793,0.23690,0.26760,0.35740,0.6627,0,0,1,147
2026-07-14T15:51:22.195+00:00,359.817,463,359,50.0890,0.8479,0.8017,0.7054,0.56070,0.48300,49.9925,50.0500,49.9875,17.733,2.501,16.953,38.754,48.492,0.31320,0.25140,0.40160,0.7798,0.26110,0.29500,0.39400,0.6627,0,0,1,147
