iso_time,monotonic_s,frame_count,replay_index,f_target_hz,Va_rms,Vb_rms,Vc_rms,Ib_rms,Ic_rms,f_Va,f_Vb,f_Vc,THD_Va,THD_Vb,THD_Vc,Ph_VbIb,Ph_VcIc,Pb,Qb,Sb,PFb,Pc,Qc,Sc,PFc,FREQ_alarm,UV_alarm,THD_alarm,dnp3_bytes
2026-07-07T12:23:21.744+00:00,0.327,102,0,50.0450,0.9729,0.7552,0.7778,0.53800,0.52810,49.9975,49.9950,49.9875,10.018,2.002,9.719,38.736,48.510,0.33870,0.27170,0.43430,0.7800,0.29780,0.33670,0.44950,0.6625,0,0,1,147
2026-07-07T12:23:22.704+00:00,1.287,103,1,50.0420,0.9851,0.7522,0.7906,0.53640,0.52650,50.0000,49.9925,49.9950,10.125,2.356,10.211,39.042,38.880,0.33300,0.27010,0.42880,0.7767,0.35020,0.28240,0.44990,0.7785,0,0,1,147
2026-07-07T12:23:23.664+00:00,2.247,104,2,50.0400,0.9878,0.7456,0.7811,0.53300,0.52590,50.0025,50.0000,49.9838,10.190,1.933,9.848,38.736,48.438,0.33830,0.27140,0.43370,0.7800,0.29640,0.33420,0.44670,0.6634,0,0,1,147
2026-07-07T12:23:24.625+00:00,3.208,105,3,50.0380,0.9797,0.7563,0.7894,0.53710,0.52650,49.9925,49.9975,49.9925,9.727,1.878,10.543,38.736,48.564,0.33540,0.26900,0.42990,0.7800,0.29820,0.33780,0.45050,0.6618,0,0,1,147
2026-07-07T12:23:25.585+00:00,4.168,106,4,50.0350,0.9875,0.7431,0.7842,0.53380,0.52580,49.9925,49.9975,49.9925,10.646,1.771,9.970,38.880,48.726,0.33560,0.27060,0.43110,0.7785,0.29130,0.33190,0.44160,0.6597,0,0,1,147
2026-07-07T12:23:26.545+00:00,5.128,107,5,50.0330,0.9670,0.7576,0.7785,0.53750,0.52680,49.9925,49.9975,49.9925,9.314,1.492,9.791,38.826,48.492,0.33770,0.27180,0.43350,0.7791,0.29770,0.33630,0.44910,0.6627,0,0,1,147
2026-07-07T12:23:27.506+00:00,6.089,108,6,50.0320,0.9898,0.7457,0.7902,0.53590,0.52580,50.0025,50.0000,49.9963,9.627,2.215,10.974,48.744,39.096,0.28380,0.32360,0.43040,0.6594,0.34680,0.28180,0.44690,0.7761,0,0,1,147
2026-07-07T12:23:28.465+00:00,7.048,109,7,50.0350,0.9830,0.7487,0.7791,0.53270,0.52470,49.9950,49.9975,50.0000,9.689,1.627,9.581,38.754,48.474,0.33880,0.27190,0.43440,0.7798,0.29590,0.33420,0.44640,0.6630,0,0,1,147
2026-07-07T12:23:29.426+00:00,8.009,110,7,50.0350,0.9789,0.7526,0.7877,0.53670,0.52530,50.0000,50.0050,49.9975,9.523,2.213,10.827,38.754,48.510,0.33500,0.26890,0.42960,0.7798,0.29770,0.33660,0.44930,0.6625,0,0,1,147
2026-07-07T12:23:30.386+00:00,8.969,111,8,50.0340,0.9868,0.7425,0.7831,0.53360,0.52470,49.9975,49.9950,50.0000,10.579,1.777,10.185,38.718,48.564,0.33800,0.27090,0.43320,0.7802,0.29190,0.33070,0.44110,0.6618,0,0,1,147
2026-07-07T12:23:31.347+00:00,9.930,112,9,50.0350,0.9744,0.7571,0.7802,0.53690,0.52520,49.9950,50.0075,49.9938,9.372,2.014,9.904,38.808,48.492,0.33720,0.27120,0.43270,0.7793,0.29730,0.33590,0.44860,0.6627,0,0,1,147
2026-07-07T12:23:32.307+00:00,10.890,113,10,50.0340,0.9873,0.7455,0.7857,0.53510,0.52490,49.9950,49.9975,49.9975,9.818,2.348,11.109,48.726,48.744,0.28200,0.32130,0.42750,0.6597,0.28850,0.32890,0.43740,0.6594,0,0,1,147
2026-07-07T12:23:33.266+00:00,11.849,114,11,50.0350,0.9684,0.7568,0.7745,0.53800,0.52590,49.9975,49.9975,49.9900,10.361,1.834,9.929,38.718,48.492,0.33910,0.27190,0.43470,0.7802,0.29560,0.33400,0.44600,0.6627,0,0,1,147
2026-07-07T12:23:34.227+00:00,12.810,115,12,50.0360,0.9823,0.7488,0.7875,0.53550,0.52470,49.9900,49.9975,49.9900,9.470,2.327,11.011,38.880,38.754,0.33470,0.26990,0.42990,0.7785,0.34950,0.28050,0.44810,0.7798,0,0,1,147
2026-07-07T12:23:35.187+00:00,13.770,116,13,50.0340,0.9819,0.7470,0.7799,0.53340,0.52360,49.9975,49.9900,49.9900,9.976,1.877,10.275,38.718,48.564,0.33860,0.27150,0.43400,0.7802,0.29150,0.33020,0.44050,0.6618,0,0,1,147
2026-07-07T12:23:36.147+00:00,14.730,117,14,50.0290,0.9729,0.7558,0.7839,0.53710,0.52510,50.0050,49.9975,49.9925,9.882,2.121,10.208,38.826,48.528,0.33560,0.27010,0.43070,0.7791,0.29650,0.33540,0.44760,0.6623,0,0,1,147
2026-07-07T12:23:37.108+00:00,15.691,118,15,50.0270,0.9839,0.7429,0.7856,0.53360,0.52370,49.9950,50.0075,50.0025,10.737,1.815,10.294,38.736,48.582,0.33860,0.27160,0.43410,0.7800,0.29070,0.32950,0.43940,0.6615,0,0,1,147
2026-07-07T12:23:38.068+00:00,16.651,119,16,50.0250,0.9730,0.7544,0.7787,0.53780,0.52400,49.9925,50.0025,50.0037,9.588,2.108,10.145,38.808,48.474,0.33630,0.27040,0.43150,0.7793,0.29640,0.33470,0.44710,0.6630,0,0,1,147
2026-07-07T12:23:39.028+00:00,17.611,120,17,50.0250,0.9837,0.7439,0.7839,0.53440,0.52350,49.9925,49.9900,50.0050,9.918,2.016,11.236,48.744,48.744,0.28220,0.32170,0.42790,0.6594,0.28710,0.32740,0.43540,0.6594,0,0,1,147
2026-07-07T12:23:39.988+00:00,18.571,121,18,50.0260,0.9661,0.7572,0.7724,0.53810,0.52440,49.9925,49.9975,50.0000,10.469,1.657,9.827,38.736,48.492,0.33880,0.27180,0.43440,0.7800,0.29410,0.33230,0.44370,0.6627,0,0,1,147
2026-07-07T12:23:40.947+00:00,19.530,122,19,50.0250,0.9810,0.7487,0.7838,0.53570,0.52340,49.9875,49.9925,49.9925,9.637,2.217,10.976,38.754,48.582,0.33510,0.26900,0.42970,0.7798,0.29460,0.33400,0.44540,0.6615,0,0,1,147
2026-07-07T12:23:41.907+00:00,20.490,123,20,50.0220,0.9802,0.7467,0.7781,0.53310,0.52320,50.0000,50.0050,49.9900,9.966,2.022,10.262,38.736,48.420,0.33920,0.27210,0.43490,0.7800,0.29310,0.33040,0.44170,0.6637,0,0,1,147
2026-07-07T12:23:42.868+00:00,21.451,124,21,50.0200,0.9756,0.7534,0.7845,0.53640,0.52390,49.9950,50.0025,50.0025,9.674,2.175,11.018,38.772,48.600,0.33510,0.26910,0.42980,0.7796,0.29420,0.33370,0.44490,0.6613,0,0,1,147
2026-07-07T12:23:43.829+00:00,22.412,125,22,50.0160,0.9800,0.7473,0.7779,0.53300,0.52250,49.9975,50.0000,50.0025,10.199,2.010,10.147,38.736,48.402,0.33900,0.27190,0.43450,0.7800,0.29190,0.32880,0.43970,0.6639,0,0,1,147
2026-07-07T12:23:44.789+00:00,23.372,126,23,50.0120,0.9709,0.7514,0.7829,0.53630,0.52330,49.9900,50.0175,50.0000,9.637,2.235,9.977,38.826,48.492,0.33560,0.27010,0.43080,0.7791,0.29600,0.33450,0.44670,0.6627,0,0,1,147
2026-07-07T12:23:45.749+00:00,24.332,127,24,50.0070,0.9842,0.7427,0.7840,0.53370,0.52320,50.0000,49.9850,49.9963,10.628,1.754,10.833,39.060,48.672,0.33440,0.27140,0.43060,0.7765,0.28800,0.32750,0.43610,0.6604,0,0,1,147
2026-07-07T12:23:46.709+00:00,25.292,128,25,50.0030,0.9643,0.7571,0.7737,0.53740,0.52430,49.9875,49.9925,49.9900,10.138,1.601,9.951,38.808,48.492,0.33760,0.27150,0.43330,0.7793,0.29490,0.33320,0.44490,0.6627,0,0,1,147
2026-07-07T12:23:47.670+00:00,26.252,129,26,49.9990,0.9792,0.7469,0.7858,0.53490,0.52330,50.0025,49.9975,49.9950,10.475,2.072,10.639,48.744,38.916,0.28360,0.32330,0.43010,0.6594,0.34640,0.27970,0.44520,0.7781,0,0,1,147
2026-07-07T12:23:48.630+00:00,27.213,130,27,49.9970,0.9812,0.7489,0.7800,0.53220,0.52230,49.9925,49.9925,50.0025,10.034,1.797,9.980,38.754,48.402,0.33870,0.27190,0.43440,0.7798,0.29260,0.32960,0.44070,0.6639,0,0,1,147
2026-07-07T12:23:49.589+00:00,28.172,131,28,49.9950,0.9757,0.7521,0.7843,0.53470,0.52290,50.0000,49.9925,49.9913,9.988,2.207,10.584,38.808,48.510,0.33440,0.26900,0.42920,0.7793,0.29560,0.33420,0.44620,0.6625,0,0,1,147
2026-07-07T12:23:50.549+00:00,29.132,132,29,49.9970,0.9818,0.7463,0.7832,0.53400,0.52280,49.9950,50.0000,50.0000,10.823,2.001,10.368,38.736,48.564,0.33890,0.27180,0.43440,0.7800,0.29020,0.32870,0.43850,0.6618,0,0,1,147
2026-07-07T12:23:51.510+00:00,30.093,133,30,49.9990,0.9706,0.7532,0.7821,0.53540,0.52300,49.9950,49.9975,49.9863,9.668,2.299,10.034,38.826,48.510,0.33470,0.26930,0.42960,0.7791,0.29500,0.33360,0.44530,0.6625,0,0,1,147
2026-07-07T12:23:52.470+00:00,31.053,134,31,50.0050,0.9819,0.7441,0.7827,0.53330,0.52260,49.9950,49.9925,49.9950,10.940,1.940,10.361,39.042,48.744,0.33540,0.27200,0.43180,0.7767,0.28650,0.32660,0.43450,0.6594,0,0,1,147
2026-07-07T12:23:53.429+00:00,32.012,135,31,50.0050,0.9639,0.7582,0.7728,0.53700,0.52380,50.0000,50.0000,49.9900,10.166,2.043,9.773,38.826,48.492,0.33700,0.27120,0.43260,0.7791,0.29420,0.33250,0.44400,0.6627,0,0,1,147
2026-07-07T12:23:54.390+00:00,32.973,136,32,50.0090,0.9822,0.7465,0.7845,0.53490,0.52270,49.9975,49.9950,49.9950,10.523,2.314,10.714,48.636,38.772,0.28460,0.32320,0.43070,0.6608,0.34690,0.27860,0.44500,0.7796,0,0,1,147
2026-07-07T12:23:55.351+00:00,33.934,137,33,50.0120,0.9824,0.7500,0.7776,0.53300,0.52220,50.0100,50.0075,49.9975,10.096,1.357,10.044,38.754,48.420,0.33870,0.27180,0.43430,0.7798,0.29230,0.32950,0.44040,0.6637,0,0,1,147
2026-07-07T12:23:56.311+00:00,34.894,138,34,50.0140,0.9763,0.7514,0.7816,0.53600,0.52270,49.9900,49.9975,49.9813,9.808,2.237,10.071,38.790,48.510,0.33560,0.26970,0.43050,0.7794,0.29540,0.33400,0.44590,0.6625,0,0,1,147
2026-07-07T12:23:57.270+00:00,35.853,139,35,50.0150,0.9818,0.7441,0.7827,0.53400,0.52240,49.9950,49.9875,50.0025,11.157,2.001,10.366,39.042,48.744,0.33600,0.27250,0.43270,0.7767,0.28660,0.32670,0.43460,0.6594,0,0,1,147
2026-07-07T12:23:58.231+00:00,36.814,140,36,50.0170,0.9650,0.7561,0.7734,0.53670,0.52440,50.0000,50.0000,49.9963,10.210,2.032,10.066,38.826,48.492,0.33650,0.27080,0.43190,0.7791,0.29400,0.33220,0.44360,0.6627,0,0,1,147
2026-07-07T12:23:59.190+00:00,37.773,141,37,50.0190,0.9786,0.7434,0.7841,0.53480,0.52300,49.9925,49.9975,50.0025,10.481,2.376,10.987,48.636,38.736,0.28530,0.32400,0.43170,0.6608,0.34670,0.27820,0.44450,0.7800,0,0,1,147
2026-07-07T12:24:00.151+00:00,38.734,142,38,50.0150,0.9814,0.7510,0.7795,0.53240,0.52210,49.9925,49.9925,49.9938,10.136,1.160,10.170,38.754,48.402,0.33860,0.27180,0.43420,0.7798,0.29200,0.32900,0.43990,0.6639,0,0,1,147
2026-07-07T12:24:01.112+00:00,39.695,143,39,50.0100,0.9775,0.7504,0.7814,0.53530,0.52310,50.0025,50.0050,49.9963,9.948,2.091,11.094,48.438,48.708,0.28540,0.32180,0.43010,0.6634,0.29420,0.33500,0.44580,0.6599,0,0,1,147
2026-07-07T12:24:02.072+00:00,40.655,144,40,50.0080,0.9808,0.7487,0.7792,0.53320,0.52190,49.9950,49.9950,49.9963,10.905,1.677,10.325,38.736,48.600,0.33830,0.27140,0.43370,0.7800,0.29050,0.32950,0.43930,0.6613,0,0,1,147
2026-07-07T12:24:03.032+00:00,41.615,145,41,50.0060,0.9725,0.7513,0.7822,0.53580,0.52390,50.0000,49.9900,49.9863,9.760,2.020,10.108,38.826,48.528,0.33550,0.27000,0.43070,0.7791,0.29520,0.33390,0.44570,0.6623,0,0,1,147
2026-07-07T12:24:03.992+00:00,42.575,146,42,50.0040,0.9820,0.7464,0.7830,0.53390,0.52270,49.9925,50.0000,49.9863,10.147,1.912,11.406,39.042,48.780,0.33520,0.27190,0.43160,0.7767,0.28640,0.32690,0.43460,0.6590,0,0,1,147
2026-07-07T12:24:04.951+00:00,43.534,147,43,49.9990,0.9658,0.7571,0.7723,0.53680,0.52300,49.9850,50.0000,49.9938,10.415,1.647,10.162,38.736,48.510,0.33710,0.27040,0.43220,0.7800,0.29270,0.33100,0.44190,0.6625,0,0,1,147
2026-07-07T12:24:05.912+00:00,44.495,148,44,49.9950,0.9786,0.7430,0.7810,0.53480,0.52220,50.0025,49.9850,49.9987,10.002,2.433,11.361,48.582,38.718,0.28550,0.32360,0.43160,0.6615,0.34590,0.27730,0.44330,0.7802,0,0,1,147
2026-07-07T12:24:06.873+00:00,45.456,149,45,49.9210,0.9779,0.7514,0.7765,0.53130,0.52110,49.9925,49.9950,49.9925,10.197,1.228,10.435,38.736,48.420,0.33850,0.27150,0.43390,0.7800,0.29120,0.32830,0.43880,0.6637,0,0,1,147
2026-07-07T12:24:07.833+00:00,46.416,150,46,49.7700,0.9714,0.7470,0.7801,0.53470,0.52210,49.9825,49.9875,50.0013,10.203,1.798,11.884,48.510,48.492,0.28970,0.32750,0.43730,0.6625,0.27220,0.30760,0.41070,0.6627,0,0,1,147
2026-07-07T12:24:08.793+00:00,47.376,151,47,49.6330,0.9227,0.7448,0.7324,0.52420,0.48290,49.9800,49.9850,49.9800,20.857,1.683,28.236,48.510,39.078,0.28200,0.31890,0.42570,0.6625,0.21530,0.17480,0.27730,0.7763,0,0,1,147
2026-07-07T12:24:09.753+00:00,48.335,152,48,49.5370,0.7231,0.7727,0.5721,0.53810,0.37150,49.9588,49.9850,99.9550,55.277,1.678,76.618,38.898,29.052,0.32080,0.25880,0.41220,0.7783,0.09470,0.05260,0.10840,0.8742,1,0,1,147
2026-07-07T12:24:10.712+00:00,49.295,153,49,49.4680,0.5109,0.7587,0.4098,0.53620,0.25200,100.3512,49.8182,50.0000,39.244,1.551,23.388,48.492,38.826,0.26990,0.30500,0.40730,0.6627,0.32800,0.26400,0.42110,0.7791,1,1,1,147
2026-07-07T12:24:11.674+00:00,50.257,154,50,49.4280,0.9749,0.7739,0.8337,0.55470,0.58270,49.9900,49.5344,49.9413,25.687,1.579,43.624,38.808,38.754,0.31310,0.25180,0.40180,0.7793,0.13230,0.10620,0.16970,0.7798,0,0,1,147
2026-07-07T12:24:12.633+00:00,51.216,155,51,49.3720,0.5202,0.7873,0.4157,0.55660,0.25330,124.2082,49.9401,49.9975,51.034,1.610,29.611,38.826,38.808,0.31620,0.25450,0.40590,0.7791,0.29680,0.23870,0.38090,0.7793,1,1,1,147
2026-07-07T12:24:13.595+00:00,52.178,156,52,49.3310,0.9581,0.7960,0.8383,0.55730,0.58910,49.9950,49.4927,49.8778,29.708,1.900,55.184,38.826,38.718,0.31530,0.25380,0.40480,0.7791,0.10690,0.08570,0.13700,0.7802,1,0,1,147
2026-07-07T12:24:14.554+00:00,53.137,157,53,49.2940,0.5061,0.7654,0.4120,0.54130,0.25740,100.2104,49.9039,53.5877,28.484,1.687,11.813,48.672,58.212,0.27240,0.30980,0.41250,0.6604,0.25290,0.40800,0.48000,0.5268,1,1,1,147
2026-07-07T12:24:15.514+00:00,54.097,158,54,49.2720,0.9038,0.7569,0.7090,0.53210,0.45690,49.6426,49.3133,99.8851,73.621,1.624,73.287,29.466,19.692,0.37860,0.21390,0.43480,0.8706,0.16490,0.05900,0.17520,0.9415,1,0,1,147
2026-07-07T12:24:16.475+00:00,55.058,159,55,49.2740,0.7122,0.7828,0.6695,0.55440,0.48690,49.9825,49.2684,50.0175,12.299,1.618,31.711,38.754,38.736,0.31860,0.25570,0.40860,0.7798,0.14980,0.12020,0.19210,0.7800,1,0,1,147
2026-07-07T12:24:17.434+00:00,56.017,160,55,49.2740,0.5214,0.7830,0.4329,0.55510,0.25900,112.4733,48.6902,99.4827,32.411,1.613,13.517,38.754,48.510,0.32070,0.25740,0.41120,0.7798,0.32290,0.36510,0.48740,0.6625,1,1,1,147
2026-07-07T12:24:18.394+00:00,56.977,161,56,49.2250,0.9175,0.7636,0.7177,0.53380,0.46660,49.7983,49.3206,98.0584,74.741,1.424,78.943,39.294,19.368,0.33640,0.27520,0.43460,0.7739,0.15270,0.05370,0.16190,0.9434,1,0,1,147
2026-07-07T12:24:19.355+00:00,57.938,162,57,49.2050,0.6987,0.8029,0.6563,0.55620,0.49350,49.9975,49.0004,50.0250,17.823,1.811,44.189,39.132,38.736,0.31580,0.25690,0.40710,0.7757,0.11840,0.09500,0.15180,0.7800,1,0,1,147
2026-07-07T12:24:20.314+00:00,58.897,163,58,49.1970,0.5216,0.7634,0.4429,0.53500,0.27170,98.6388,49.3364,49.7550,13.419,1.729,9.975,39.060,48.726,0.34130,0.27700,0.43950,0.7765,0.21170,0.24120,0.32100,0.6597,1,1,1,147
2026-07-07T12:24:21.254+00:00,59.837,164,59,49.1730,0.6968,0.7658,0.5376,0.54970,0.32950,98.8093,48.8305,115.4734,55.246,1.731,24.036,38.736,38.790,0.31640,0.25380,0.40560,0.7800,0.36240,0.29130,0.46500,0.7794,1,0,1,147
2026-07-07T12:24:22.214+00:00,60.797,165,60,49.1510,0.9874,0.7474,0.7857,0.53900,0.51470,49.8703,48.7710,95.5521,69.198,2.140,77.209,38.844,19.350,0.34070,0.27440,0.43750,0.7789,0.15810,0.05550,0.16760,0.9435,1,0,1,147
2026-07-07T12:24:23.175+00:00,61.758,166,61,49.1360,0.7239,0.7874,0.6750,0.55600,0.49980,49.9850,48.6926,50.0125,22.393,2.269,57.101,38.826,38.826,0.32050,0.25800,0.41150,0.7791,0.10030,0.08070,0.12870,0.7791,1,0,1,147
2026-07-07T12:24:24.136+00:00,62.719,167,62,49.1310,0.5569,0.7410,0.4982,0.53100,0.34430,49.9825,48.6808,50.0375,8.980,1.603,29.387,38.826,38.916,0.31610,0.25440,0.40570,0.7791,0.14440,0.11660,0.18560,0.7781,1,1,1,147
2026-07-07T12:24:25.097+00:00,63.680,168,63,49.1260,0.5124,0.7653,0.4151,0.54950,0.26400,100.1703,49.2769,49.9525,15.902,1.719,10.521,38.736,48.474,0.34590,0.27750,0.44350,0.7800,0.20490,0.23140,0.30910,0.6630,1,1,1,147
2026-07-07T12:24:26.056+00:00,64.639,169,64,49.1410,0.6569,0.8018,0.5029,0.55720,0.30720,105.5298,49.0822,100.0450,36.980,2.055,12.314,38.718,48.582,0.32310,0.25900,0.41410,0.7802,0.30360,0.34410,0.45890,0.6615,1,0,1,147
2026-07-07T12:24:27.015+00:00,65.598,170,65,49.1410,0.8352,0.7413,0.6365,0.53190,0.39960,49.9788,48.7745,126.4862,74.036,1.728,33.824,38.898,38.754,0.31370,0.25310,0.40310,0.7783,0.32600,0.26170,0.41800,0.7798,1,0,1,147
2026-07-07T12:24:27.975+00:00,66.558,171,66,49.0850,0.9948,0.7449,0.8156,0.54100,0.53260,49.9575,48.8591,98.1114,72.331,1.854,64.016,48.672,77.814,0.28230,0.32110,0.42760,0.6604,0.04980,0.23080,0.23610,0.2111,1,0,1,147
2026-07-07T12:24:28.936+00:00,67.519,172,67,49.1070,0.8484,0.8041,0.7897,0.55880,0.58470,50.0000,48.6950,49.9600,38.254,1.640,82.629,29.772,19.386,0.37550,0.21480,0.43260,0.8680,0.12320,0.04330,0.13060,0.9433,1,0,1,147
2026-07-07T12:24:29.896+00:00,68.479,173,68,49.1170,0.6359,0.7725,0.5957,0.54700,0.43830,49.9825,48.6808,50.0175,16.111,1.567,44.335,38.754,38.808,0.31390,0.25200,0.40260,0.7798,0.11180,0.08990,0.14350,0.7793,1,0,1,147
2026-07-07T12:24:30.856+00:00,69.439,174,69,49.1200,0.5256,0.7377,0.4514,0.53220,0.29830,50.0100,49.3389,49.9550,8.118,2.556,20.047,38.826,39.024,0.33230,0.26740,0.42660,0.7791,0.17520,0.14200,0.22550,0.7769,1,1,1,147
2026-07-07T12:24:31.818+00:00,70.401,175,70,49.0830,0.5440,0.8031,0.4319,0.55930,0.26940,112.3091,49.0124,92.1319,22.893,1.715,9.031,38.808,48.402,0.33840,0.27210,0.43420,0.7793,0.24310,0.27380,0.36610,0.6639,1,1,1,147
2026-07-07T12:24:32.777+00:00,71.360,176,71,49.1280,0.7364,0.7682,0.5537,0.54620,0.33790,98.1114,48.8234,110.6317,49.923,1.768,17.760,38.736,58.194,0.31640,0.25380,0.40560,0.7800,0.26010,0.41940,0.49350,0.5270,1,0,1,147
2026-07-07T12:24:33.716+00:00,72.299,177,72,49.1050,0.9076,0.7438,0.7067,0.53330,0.44600,49.8144,49.0028,107.7993,85.063,2.319,43.763,48.402,58.194,0.27580,0.31060,0.41540,0.6639,0.17990,0.29010,0.34140,0.5270,1,0,1,147
2026-07-07T12:24:34.676+00:00,73.259,178,73,49.1000,0.9619,0.7879,0.8320,0.55060,0.58270,49.9900,48.7246,49.7723,56.647,1.692,77.571,38.754,19.386,0.34170,0.27430,0.43820,0.7798,0.16210,0.05700,0.17180,0.9433,1,0,1,147
2026-07-07T12:24:35.638+00:00,74.221,179,74,49.1520,0.7423,0.7978,0.7004,0.56040,0.51970,49.9875,49.1087,50.0125,26.435,1.595,63.050,39.060,29.070,0.32980,0.26760,0.42470,0.7765,0.10770,0.05990,0.12320,0.8740,1,0,1,147
2026-07-07T12:24:36.598+00:00,75.181,180,75,49.1360,0.5622,0.7668,0.5045,0.53290,0.36080,49.9875,48.7021,50.0375,9.291,1.571,31.517,39.042,38.826,0.31240,0.25340,0.40220,0.7767,0.14180,0.11410,0.18200,0.7791,1,0,1,147
2026-07-07T12:24:37.559+00:00,76.142,181,76,49.1130,0.5185,0.7513,0.4330,0.54370,0.26670,100.2004,48.7793,49.7327,12.549,2.393,11.500,48.762,39.078,0.28760,0.32800,0.43620,0.6592,0.22430,0.18210,0.28890,0.7763,1,1,1,147
2026-07-07T12:24:38.519+00:00,77.102,182,77,49.1330,0.6212,0.8004,0.4805,0.56050,0.29590,112.4101,48.9213,98.4252,34.268,1.783,11.376,38.790,48.420,0.33080,0.26590,0.42440,0.7794,0.29900,0.33700,0.45060,0.6637,1,1,1,147
2026-07-07T12:24:39.477+00:00,78.060,183,78,49.1500,0.8324,0.7606,0.6313,0.53410,0.38690,55.4647,48.6855,133.5559,67.312,1.760,28.091,38.808,38.754,0.31320,0.25190,0.40190,0.7793,0.34570,0.27750,0.44330,0.7798,1,0,1,147
2026-07-07T12:24:40.438+00:00,79.021,184,78,49.1500,0.9909,0.7448,0.7871,0.53910,0.51520,49.8654,48.9956,98.4300,78.867,2.430,60.865,38.826,67.860,0.32810,0.26410,0.42120,0.7791,0.09490,0.23310,0.25170,0.3769,1,0,1,147
2026-07-07T12:24:41.398+00:00,79.981,185,79,49.1600,0.8752,0.7894,0.7982,0.55910,0.59290,50.0000,49.3243,49.9575,38.966,1.618,78.084,39.276,19.386,0.34050,0.27840,0.43980,0.7741,0.13590,0.04780,0.14410,0.9433,1,0,1,147
2026-07-07T12:24:42.358+00:00,80.941,186,80,49.1680,0.6604,0.7986,0.6286,0.55210,0.45940,49.7934,48.6879,50.0200,17.896,2.219,48.046,38.754,38.934,0.31450,0.25250,0.40330,0.7798,0.10820,0.08740,0.13910,0.7779,1,0,1,147
2026-07-07T12:24:43.320+00:00,81.902,187,81,49.1730,0.5288,0.7394,0.4504,0.53070,0.30570,50.0050,49.1751,50.0000,9.387,1.777,13.525,38.754,48.474,0.33780,0.27110,0.43320,0.7798,0.19190,0.21670,0.28940,0.6630,1,1,1,147
2026-07-07T12:24:44.275+00:00,82.858,188,82,49.1820,0.6450,0.7890,0.4992,0.55950,0.30750,108.0147,48.9213,108.4599,41.523,1.771,18.329,38.808,48.762,0.31600,0.25420,0.40550,0.7793,0.32170,0.36700,0.48800,0.6592,1,1,1,147
2026-07-07T12:24:45.219+00:00,83.802,189,83,49.2280,0.9278,0.7540,0.7317,0.53440,0.47310,49.5246,48.6997,99.9001,78.865,1.651,63.197,38.844,68.382,0.31760,0.25580,0.40780,0.7789,0.08850,0.22330,0.24020,0.3684,1,0,1,147
2026-07-07T12:24:46.180+00:00,84.763,190,84,49.2230,0.8310,0.7619,0.7994,0.53210,0.59930,49.9925,49.3425,49.9900,26.642,1.567,56.299,39.060,29.394,0.32010,0.25980,0.41230,0.7765,0.11580,0.06520,0.13290,0.8713,1,0,1,147
2026-07-07T12:24:47.139+00:00,85.722,191,85,49.2310,0.5292,0.7462,0.4474,0.52890,0.30720,49.9775,48.6808,49.9650,9.168,1.466,14.187,38.754,48.528,0.33640,0.27000,0.43140,0.7798,0.18640,0.21090,0.28150,0.6623,1,1,1,147
2026-07-07T12:24:48.099+00:00,86.682,192,86,49.2340,0.6351,0.8052,0.4884,0.55930,0.30170,108.8495,49.1690,92.4471,40.598,1.935,17.010,38.826,48.744,0.32020,0.25770,0.41100,0.7791,0.32200,0.36710,0.48830,0.6594,1,1,1,147
2026-07-07T12:24:49.059+00:00,87.642,193,87,49.2170,0.9183,0.7659,0.7202,0.53300,0.46560,49.6081,49.3279,99.9251,81.276,1.713,61.195,48.492,19.422,0.28220,0.31890,0.42590,0.6627,0.21840,0.07700,0.23160,0.9431,1,0,1,147
2026-07-07T12:24:50.020+00:00,88.603,194,88,49.2680,0.8242,0.7817,0.7621,0.56150,0.56890,49.9900,49.0461,50.0025,29.709,1.606,61.097,39.114,29.214,0.32300,0.26260,0.41630,0.7759,0.11050,0.06180,0.12660,0.8728,1,0,1,147
2026-07-07T12:24:50.980+00:00,89.563,195,89,49.2250,0.5357,0.7467,0.4663,0.52920,0.32680,49.9900,48.8794,50.0050,9.522,1.435,13.461,38.826,48.510,0.33950,0.27320,0.43580,0.7791,0.20290,0.22940,0.30620,0.6625,1,1,1,147
2026-07-07T12:24:51.919+00:00,90.502,196,90,49.2380,0.6862,0.7764,0.5337,0.55310,0.32890,98.2222,49.7413,121.4919,56.551,1.966,26.963,38.736,29.376,0.31830,0.25540,0.40810,0.7800,0.39230,0.22090,0.45020,0.8714,1,0,1,147
2026-07-07T12:24:52.880+00:00,91.463,197,91,49.2350,0.9874,0.7541,0.7949,0.54070,0.53210,49.9750,48.9908,49.9613,63.970,1.670,78.294,38.916,19.368,0.33700,0.27210,0.43310,0.7781,0.14940,0.05250,0.15830,0.9434,1,0,1,147
2026-07-07T12:24:53.842+00:00,92.425,198,92,49.2140,0.6862,0.7844,0.6452,0.55500,0.48360,49.9825,48.8472,50.0250,16.916,1.572,40.779,39.078,38.754,0.31260,0.25390,0.40270,0.7763,0.12350,0.09910,0.15830,0.7798,1,0,1,147
2026-07-07T12:24:54.801+00:00,93.384,199,93,49.2640,0.5175,0.7697,0.4344,0.53680,0.27120,102.5326,48.9345,49.5774,14.549,1.571,9.661,38.898,48.744,0.34080,0.27500,0.43790,0.7783,0.21820,0.24870,0.33080,0.6594,1,1,1,147
2026-07-07T12:24:55.760+00:00,94.343,200,94,49.2000,0.7106,0.7830,0.5446,0.54800,0.33690,98.1740,49.2441,122.0480,57.194,1.649,27.295,38.790,38.772,0.31630,0.25420,0.40570,0.7794,0.32310,0.25950,0.41440,0.7796,1,0,1,147
2026-07-07T12:24:56.721+00:00,95.303,201,95,49.2580,0.9926,0.7702,0.8290,0.54940,0.56480,49.9925,49.4144,49.9052,45.526,1.805,83.213,29.916,19.368,0.37400,0.21520,0.43150,0.8668,0.12050,0.04240,0.12770,0.9434,1,0,1,147
2026-07-07T12:24:57.682+00:00,96.265,202,96,49.2110,0.5978,0.7827,0.5590,0.54110,0.40420,49.9875,49.2999,50.0075,10.205,1.602,28.978,38.880,48.528,0.32190,0.25950,0.41350,0.7785,0.13210,0.14950,0.19950,0.6623,1,0,1,147
2026-07-07T12:24:58.641+00:00,97.224,203,97,49.1920,0.5328,0.7909,0.4291,0.55520,0.26590,112.2334,49.0629,96.4972,23.723,1.745,8.458,38.808,48.438,0.33550,0.26990,0.43060,0.7793,0.27450,0.30960,0.41380,0.6634,1,1,1,147
2026-07-07T12:24:59.600+00:00,98.183,204,98,49.2450,0.8063,0.7481,0.6183,0.53480,0.38110,55.4785,49.0196,133.6898,71.615,1.660,36.090,38.754,38.934,0.31810,0.25540,0.40790,0.7798,0.28470,0.23000,0.36610,0.7779,1,0,1,147
2026-07-07T12:25:00.561+00:00,99.144,205,99,49.2080,0.9700,0.7570,0.8454,0.55030,0.58290,49.9900,48.7710,49.9376,48.092,1.736,86.404,29.736,19.386,0.37580,0.21470,0.43280,0.8683,0.12680,0.04460,0.13440,0.9433,1,0,1,147
2026-07-07T12:25:01.523+00:00,100.106,206,100,49.1880,0.6298,0.7767,0.5860,0.54570,0.43070,49.9975,49.0533,50.0175,11.405,1.561,33.117,39.024,38.826,0.31480,0.25510,0.40520,0.7769,0.14340,0.11540,0.18400,0.7791,1,0,1,147
2026-07-07T12:25:02.481+00:00,101.064,207,101,49.1710,0.5187,0.7861,0.4365,0.54660,0.26150,101.6054,49.3316,86.7227,19.642,1.816,8.438,48.564,48.798,0.28650,0.32460,0.43300,0.6618,0.24840,0.28370,0.37710,0.6587,1,1,1,147
2026-07-07T12:25:03.441+00:00,102.024,208,101,49.1710,0.7606,0.7751,0.5760,0.53740,0.36640,77.7665,49.2393,135.6116,69.657,1.742,35.230,48.420,38.808,0.27140,0.30590,0.40900,0.6637,0.30400,0.24450,0.39010,0.7793,1,0,1,147
2026-07-07T12:25:04.402+00:00,102.985,209,102,49.1920,0.9819,0.7798,0.8359,0.54580,0.56780,49.9900,49.3194,49.8293,54.062,1.710,82.780,39.330,19.386,0.33960,0.27830,0.43910,0.7735,0.14080,0.04950,0.14920,0.9433,1,0,1,147
2026-07-07T12:25:05.363+00:00,103.946,210,103,49.1700,0.6756,0.7774,0.6329,0.55230,0.45860,49.9900,48.9788,50.0250,14.379,1.847,37.221,48.510,38.880,0.27010,0.30540,0.40770,0.6625,0.12810,0.10330,0.16450,0.7785,1,0,1,147
2026-07-07T12:25:06.323+00:00,104.906,211,104,49.1210,0.5073,0.7543,0.4178,0.54430,0.26630,100.7861,49.0990,49.9451,17.963,1.721,9.346,38.808,48.474,0.34060,0.27390,0.43710,0.7793,0.24210,0.27340,0.36520,0.6630,1,1,1,147
2026-07-07T12:25:07.282+00:00,105.865,212,105,49.0930,0.7460,0.7764,0.5619,0.54710,0.34450,98.1402,48.6902,109.4930,49.474,1.761,19.921,38.826,48.744,0.31460,0.25320,0.40380,0.7791,0.32160,0.36660,0.48770,0.6594,1,0,1,147
2026-07-07T12:25:08.223+00:00,106.806,213,106,49.0720,0.9288,0.7375,0.7225,0.53200,0.45210,49.6894,48.8317,110.5339,80.495,1.718,43.783,38.808,48.618,0.32010,0.25740,0.41070,0.7793,0.22290,0.25290,0.33710,0.6611,1,0,1,147
2026-07-07T12:25:09.183+00:00,107.766,214,107,49.0900,0.9649,0.7691,0.8463,0.55130,0.58700,49.9900,49.0485,49.9326,57.953,1.637,82.200,48.582,19.386,0.28680,0.32510,0.43360,0.6615,0.15410,0.05420,0.16340,0.9433,1,0,1,147
2026-07-07T12:25:10.143+00:00,108.726,215,108,49.0510,0.7271,0.7832,0.6800,0.55850,0.51000,49.9925,48.8663,49.9925,23.047,1.621,57.147,38.808,38.862,0.32840,0.26410,0.42140,0.7793,0.10030,0.08080,0.12880,0.7787,1,0,1,147
2026-07-07T12:25:11.103+00:00,109.686,216,109,49.0090,0.5580,0.7668,0.5102,0.53150,0.35490,49.9900,49.2611,50.0325,11.261,1.552,39.789,38.736,38.952,0.32040,0.25700,0.41070,0.7800,0.11660,0.09430,0.15000,0.7777,1,0,1,147
2026-07-07T12:25:12.064+00:00,110.647,217,110,49.0050,0.5272,0.7384,0.4489,0.53510,0.30350,49.9800,48.7199,49.9975,7.988,1.558,27.463,38.916,38.754,0.32460,0.26210,0.41720,0.7781,0.14100,0.11320,0.18080,0.7798,1,1,1,147
2026-07-07T12:25:13.024+00:00,111.607,218,111,49.0000,0.5073,0.7662,0.4215,0.54180,0.27410,96.3484,48.6950,49.9713,9.147,1.575,19.883,38.808,38.736,0.33040,0.26570,0.42390,0.7793,0.17200,0.13790,0.22050,0.7800,1,1,1,147
2026-07-07T12:25:13.984+00:00,112.567,219,112,48.9830,0.5364,0.8003,0.4313,0.55570,0.27010,105.6189,48.7615,49.9700,13.183,1.655,13.317,39.078,48.582,0.33280,0.27020,0.42870,0.7763,0.17220,0.19520,0.26020,0.6615,1,1,1,147
2026-07-07T12:25:14.945+00:00,113.528,220,113,48.9430,0.5790,0.7927,0.4534,0.56250,0.28130,114.2335,48.6950,68.3995,21.777,1.735,10.246,38.826,48.474,0.33870,0.27260,0.43480,0.7791,0.21350,0.24110,0.32200,0.6630,1,1,1,147
2026-07-07T12:25:15.904+00:00,114.487,221,114,48.9640,0.6503,0.7749,0.4980,0.56010,0.30240,109.1941,48.8234,98.5610,27.045,1.728,8.353,48.600,48.726,0.28410,0.32230,0.42960,0.6613,0.21630,0.24640,0.32790,0.6597,1,1,1,147
2026-07-07T12:25:16.865+00:00,115.448,222,115,48.9120,0.6559,0.8034,0.4936,0.55920,0.30070,114.4034,48.7068,95.4654,24.150,1.556,9.929,38.808,48.492,0.34460,0.27720,0.44220,0.7793,0.20120,0.22730,0.30350,0.6627,1,1,1,147
2026-07-07T12:25:17.825+00:00,116.408,223,116,48.8920,0.6139,0.7989,0.4658,0.56150,0.28480,119.0051,48.6808,57.5109,18.707,1.960,10.954,39.060,48.582,0.34580,0.28060,0.44530,0.7765,0.17700,0.20070,0.26760,0.6615,1,1,1,147
2026-07-07T12:25:18.784+00:00,117.367,224,117,48.8680,0.5672,0.7760,0.4377,0.56160,0.27850,109.7093,48.6760,49.5172,14.652,1.660,14.269,38.808,48.492,0.33250,0.26740,0.42670,0.7793,0.16260,0.18370,0.24530,0.6627,1,1,1,147
2026-07-07T12:25:19.745+00:00,118.328,225,118,48.8420,0.5506,0.7826,0.4361,0.55840,0.27180,105.8201,48.6784,49.8418,10.588,1.561,20.125,38.916,38.718,0.31620,0.25530,0.40640,0.7781,0.15280,0.12250,0.19590,0.7802,1,1,1,147
2026-07-07T12:25:20.704+00:00,119.287,226,119,48.8150,0.5087,0.7507,0.4227,0.54270,0.28320,64.0328,48.6819,50.0175,8.954,1.559,39.565,48.762,38.808,0.26350,0.30060,0.39970,0.6592,0.11110,0.08930,0.14250,0.7793,1,1,1,147
2026-07-07T12:25:21.645+00:00,120.228,227,120,48.7870,0.5575,0.7566,0.5163,0.53470,0.36700,49.7785,48.6665,50.0150,22.281,1.387,67.780,29.826,29.052,0.38280,0.21940,0.44120,0.8675,0.11770,0.06540,0.13460,0.8742,1,0,1,147
2026-07-07T12:25:22.604+00:00,121.187,228,121,48.8210,0.6713,0.7976,0.6475,0.55700,0.49500,49.9975,48.7448,49.9650,40.237,1.674,79.363,38.988,19.422,0.34480,0.27910,0.44360,0.7773,0.17330,0.06110,0.18370,0.9431,1,0,1,147
2026-07-07T12:25:23.566+00:00,122.149,229,122,48.8370,0.8193,0.7770,0.7806,0.56050,0.58950,49.9925,48.6867,49.9725,65.561,1.790,60.092,38.718,67.968,0.31880,0.25560,0.40860,0.7802,0.11820,0.29220,0.31520,0.3751,1,0,1,147
2026-07-07T12:25:24.527+00:00,123.110,230,123,48.8530,0.9768,0.7660,0.8341,0.54320,0.55940,49.9525,48.6831,101.1839,78.417,1.721,31.445,38.808,38.826,0.31860,0.25630,0.40890,0.7793,0.36640,0.29490,0.47030,0.7791,1,0,1,147
2026-07-07T12:25:25.486+00:00,124.069,231,124,48.8680,0.9401,0.7685,0.7101,0.53470,0.43710,49.3681,48.8711,125.8257,55.583,1.499,15.151,38.808,48.582,0.33590,0.27020,0.43110,0.7793,0.29660,0.33620,0.44830,0.6615,1,0,1,147
2026-07-07T12:25:26.446+00:00,125.029,232,124,48.8680,0.7857,0.7523,0.5834,0.54430,0.34750,97.6658,48.7092,99.9900,31.706,1.730,9.574,38.772,58.392,0.33560,0.26950,0.43040,0.7796,0.16340,0.26560,0.31180,0.5241,1,0,1,147
2026-07-07T12:25:27.407+00:00,125.990,233,125,48.8770,0.6298,0.7688,0.4702,0.56000,0.29070,118.3712,48.6689,50.0037,12.485,1.637,16.928,48.564,38.916,0.27140,0.30740,0.41010,0.6618,0.16380,0.13220,0.21050,0.7781,1,1,1,147
2026-07-07T12:25:28.367+00:00,126.950,234,126,48.8970,0.5142,0.7735,0.4196,0.54970,0.27210,100.0901,48.7615,49.9800,8.468,1.730,24.204,48.672,48.492,0.26840,0.30520,0.40640,0.6604,0.12720,0.14370,0.19190,0.6627,1,1,1,147
2026-07-07T12:25:29.326+00:00,127.909,235,127,48.8700,0.5184,0.7868,0.4342,0.54590,0.28210,98.7557,48.8174,49.9663,8.322,1.600,30.002,38.718,39.060,0.32320,0.25910,0.41420,0.7802,0.13200,0.10710,0.17000,0.7765,1,1,1,147
2026-07-07T12:25:30.286+00:00,128.869,236,128,48.9190,0.5191,0.7576,0.4464,0.53780,0.30210,49.9975,48.6831,49.9963,11.268,1.589,46.522,48.492,38.736,0.27160,0.30700,0.40990,0.6627,0.10220,0.08190,0.13100,0.7800,1,1,1,147
2026-07-07T12:25:31.247+00:00,129.830,237,129,48.9320,0.5742,0.7739,0.5378,0.53680,0.39690,49.9825,48.6950,49.9750,20.339,1.857,61.934,38.790,38.916,0.33300,0.26760,0.42720,0.7794,0.10360,0.08370,0.13320,0.7781,1,0,1,147
2026-07-07T12:25:32.206+00:00,130.789,238,130,48.9220,0.6251,0.7482,0.5941,0.54310,0.43190,49.9800,48.6831,50.0150,25.196,1.617,73.246,29.826,29.070,0.38240,0.21920,0.44080,0.8675,0.11590,0.06440,0.13260,0.8740,1,0,1,147
2026-07-07T12:25:33.166+00:00,131.749,239,131,48.9410,0.6493,0.7619,0.6161,0.55290,0.46770,49.9800,48.6926,50.0000,29.243,1.645,76.001,29.628,19.386,0.37200,0.21160,0.42800,0.8693,0.13690,0.04820,0.14510,0.9433,1,0,1,147
2026-07-07T12:25:34.106+00:00,132.689,240,132,48.9050,0.6905,0.8013,0.6682,0.55940,0.50410,49.9750,48.7068,49.9900,36.447,1.657,82.706,39.240,19.530,0.33580,0.27430,0.43360,0.7745,0.15020,0.05330,0.15940,0.9425,1,0,1,147
2026-07-07T12:25:35.047+00:00,133.630,241,133,48.9150,0.7334,0.8056,0.7025,0.56030,0.53720,49.9925,48.6902,49.9700,39.437,1.695,79.176,38.916,19.350,0.34000,0.27450,0.43700,0.7781,0.15730,0.05520,0.16670,0.9435,1,0,1,147
2026-07-07T12:25:35.987+00:00,134.570,242,134,48.9280,0.7585,0.8043,0.7275,0.56210,0.54990,49.9950,48.6950,49.9750,43.270,1.704,83.160,38.826,19.530,0.34150,0.27480,0.43840,0.7791,0.16370,0.05810,0.17370,0.9425,1,0,1,147
2026-07-07T12:25:36.927+00:00,135.510,243,135,48.8860,0.7764,0.7820,0.7417,0.56190,0.55950,49.9975,48.6808,49.9725,45.520,1.746,79.159,39.060,19.422,0.34500,0.28000,0.44430,0.7765,0.16990,0.05990,0.18010,0.9431,1,0,1,147
2026-07-07T12:25:37.883+00:00,136.466,244,136,48.9190,0.7871,0.7746,0.7514,0.56120,0.57110,50.0025,48.6748,49.9650,49.565,2.651,78.869,38.826,9.846,0.34300,0.27600,0.44030,0.7791,0.18990,0.03300,0.19270,0.9853,1,0,1,147
2026-07-07T12:25:38.847+00:00,137.430,245,137,48.9020,0.8217,0.7688,0.7741,0.55980,0.58030,50.0000,48.6843,49.9575,50.487,1.663,72.752,38.970,87.966,0.32650,0.26410,0.42000,0.7775,0.00810,0.22900,0.22910,0.0355,1,0,1,147
2026-07-07T12:25:39.807+00:00,138.390,246,138,48.9240,0.8230,0.7521,0.8538,0.53580,0.64660,49.9925,48.6997,49.9675,57.404,1.662,69.671,48.726,77.796,0.27140,0.30920,0.41140,0.6597,0.05430,0.25100,0.25690,0.2114,1,0,1,147
2026-07-07T12:25:40.769+00:00,139.352,247,139,48.9300,0.9106,0.7944,0.8429,0.55200,0.60190,49.9925,48.9428,49.9725,69.918,1.681,61.160,38.790,67.878,0.33260,0.26730,0.42670,0.7794,0.10920,0.26860,0.29000,0.3766,1,0,1,147
2026-07-07T12:25:41.729+00:00,140.312,248,140,48.9440,0.9502,0.7535,0.8446,0.54890,0.58750,49.9875,48.6831,95.6297,71.001,1.279,49.485,38.754,58.374,0.32380,0.25990,0.41520,0.7798,0.17520,0.28450,0.33420,0.5244,1,0,1,147
2026-07-07T12:25:42.689+00:00,141.272,249,141,48.9280,0.9874,0.7743,0.8428,0.54590,0.56120,49.9700,48.6926,99.9900,81.338,1.725,44.008,39.042,58.266,0.31240,0.25340,0.40230,0.7767,0.19730,0.31900,0.37500,0.5260,1,0,1,147
2026-07-07T12:25:43.649+00:00,142.232,250,142,48.9640,0.9946,0.7846,0.8053,0.54190,0.52920,49.8082,48.9416,102.4748,81.257,1.731,37.954,38.808,38.808,0.32270,0.25950,0.41410,0.7793,0.32620,0.26240,0.41860,0.7793,1,0,1,147
2026-07-07T12:25:44.609+00:00,143.192,251,143,48.9400,0.9934,0.7401,0.7858,0.53550,0.49590,49.4181,48.6879,104.7998,76.620,1.725,31.345,38.826,38.934,0.32160,0.25880,0.41280,0.7791,0.35980,0.29070,0.46260,0.7779,1,0,1,147
2026-07-07T12:25:45.570+00:00,144.153,252,144,48.9730,0.9557,0.7543,0.7334,0.53520,0.46330,49.5466,48.7805,117.9871,73.133,1.875,26.250,48.744,48.600,0.26360,0.30050,0.39970,0.6594,0.31870,0.36150,0.48190,0.6613,1,0,1,147
2026-07-07T12:25:46.530+00:00,145.113,253,145,49.0010,0.9199,0.7679,0.7040,0.53310,0.43400,49.6315,48.9345,130.3866,63.950,1.779,21.962,38.754,58.176,0.32640,0.26200,0.41860,0.7798,0.25950,0.41810,0.49210,0.5273,1,0,1,147
2026-07-07T12:25:47.489+00:00,146.072,254,146,49.0190,0.8947,0.7487,0.6928,0.53290,0.43100,49.9838,48.7151,122.0554,69.497,1.736,28.184,38.790,29.376,0.32310,0.25970,0.41460,0.7794,0.40260,0.22660,0.46200,0.8714,1,0,1,147
2026-07-07T12:25:48.450+00:00,147.033,255,146,49.0190,0.9639,0.7603,0.7462,0.53420,0.48090,49.3949,48.7543,106.8490,83.345,1.721,40.864,48.420,48.492,0.27230,0.30690,0.41030,0.6637,0.25430,0.28730,0.38370,0.6627,1,0,1,147
2026-07-07T12:25:49.405+00:00,147.988,256,147,49.0260,0.9895,0.7834,0.8184,0.54140,0.53880,49.9925,48.8150,99.8602,75.443,1.710,49.971,38.754,58.446,0.31970,0.25660,0.40990,0.7798,0.16300,0.26550,0.31160,0.5233,1,0,1,147
2026-07-07T12:25:50.350+00:00,148.933,257,148,49.0260,0.9555,0.7896,0.8442,0.55110,0.58490,49.9850,48.7662,61.0165,66.638,1.707,67.421,38.808,78.030,0.31840,0.25610,0.40860,0.7793,0.05430,0.25610,0.26180,0.2074,1,0,1,147
2026-07-07T12:25:51.310+00:00,149.893,258,149,49.0200,0.8828,0.7424,0.8607,0.53330,0.64530,49.9975,48.8400,49.9550,53.290,1.682,82.164,39.024,19.458,0.34450,0.27920,0.44350,0.7769,0.16460,0.05810,0.17450,0.9429,1,0,1,147
2026-07-07T12:25:52.270+00:00,150.853,259,150,49.0090,0.7567,0.8039,0.7242,0.56130,0.54500,49.9925,48.6855,49.9900,37.441,1.635,84.085,39.312,19.530,0.33310,0.27270,0.43050,0.7737,0.13480,0.04780,0.14310,0.9425,1,0,1,147
2026-07-07T12:25:53.230+00:00,151.813,260,151,49.0050,0.6805,0.7973,0.6504,0.55340,0.48390,49.9875,48.6997,50.0050,26.832,1.611,66.516,29.664,29.124,0.36510,0.20790,0.42020,0.8689,0.11250,0.06270,0.12880,0.8736,1,0,1,147
2026-07-07T12:25:54.190+00:00,152.773,261,152,49.0230,0.6167,0.7557,0.5782,0.54640,0.42070,49.9775,49.1135,50.0050,19.435,1.582,54.757,39.060,29.196,0.32550,0.26410,0.41920,0.7765,0.11220,0.06270,0.12860,0.8730,1,0,1,147
2026-07-07T12:25:55.151+00:00,153.734,262,153,49.0560,0.5600,0.7453,0.5026,0.53420,0.36200,49.9875,48.6997,50.0200,11.175,1.556,40.988,38.916,38.844,0.32040,0.25870,0.41180,0.7781,0.11510,0.09270,0.14780,0.7789,1,0,1,147
2026-07-07T12:25:56.112+00:00,154.695,263,154,49.0830,0.5328,0.7661,0.4717,0.53180,0.31430,49.9775,48.6914,50.0275,9.345,1.598,30.802,48.510,39.042,0.26800,0.30300,0.40450,0.6625,0.13200,0.10700,0.16990,0.7767,1,1,1,147
2026-07-07T12:25:57.072+00:00,155.655,264,155,49.0800,0.5106,0.7821,0.4301,0.54060,0.28310,96.5437,48.7852,49.9688,9.909,1.624,15.534,39.078,48.438,0.33150,0.26920,0.42710,0.7763,0.16710,0.18850,0.25190,0.6634,1,1,1,147
2026-07-07T12:25:58.032+00:00,156.615,265,156,49.0600,0.5762,0.7866,0.4577,0.56140,0.28290,120.8897,49.1570,99.9650,28.031,1.760,9.252,39.078,58.176,0.33580,0.27270,0.43260,0.7763,0.20390,0.32850,0.38660,0.5273,1,1,1,147
2026-07-07T12:25:58.992+00:00,157.575,266,157,49.0550,0.7686,0.7779,0.5764,0.53850,0.35970,98.1595,48.8687,114.5475,50.176,1.794,16.698,38.808,48.780,0.31780,0.25560,0.40790,0.7793,0.31690,0.36170,0.48090,0.6590,1,0,1,147
2026-07-07T12:25:59.952+00:00,158.535,267,158,49.1070,0.8572,0.7656,0.6545,0.53240,0.40900,49.9900,48.7662,132.1353,68.113,1.917,26.938,39.078,38.808,0.31040,0.25210,0.39980,0.7763,0.37180,0.29900,0.47710,0.7793,1,0,1,147
2026-07-07T12:26:00.907+00:00,159.490,268,159,49.0570,0.9478,0.7540,0.7337,0.53420,0.45780,49.6352,48.9345,110.2475,78.427,1.722,39.725,38.898,39.096,0.31830,0.25680,0.40890,0.7783,0.28570,0.23210,0.36810,0.7761,1,0,1,147
2026-07-07T12:26:01.851+00:00,160.434,269,160,49.1080,0.9881,0.7671,0.8349,0.54660,0.57090,49.9950,49.2562,49.9600,62.577,1.688,67.980,38.826,77.994,0.31700,0.25510,0.40700,0.7791,0.05050,0.23760,0.24290,0.2080,1,0,1,147
2026-07-07T12:26:02.811+00:00,161.394,270,161,49.0670,0.8520,0.7650,0.8401,0.53220,0.63840,49.9950,48.7769,49.6894,48.448,1.674,83.958,38.718,19.404,0.33750,0.27050,0.43250,0.7802,0.14150,0.04990,0.15010,0.9432,1,0,1,147
2026-07-07T12:26:03.773+00:00,162.356,271,162,49.1140,0.6838,0.7685,0.6466,0.55490,0.47640,49.9850,48.6926,50.0125,21.377,1.781,55.421,38.880,29.052,0.32590,0.26280,0.41860,0.7785,0.11330,0.06290,0.12960,0.8742,1,0,1,147
2026-07-07T12:26:04.733+00:00,163.316,272,163,49.0690,0.5635,0.7754,0.5134,0.53470,0.37070,49.9775,48.6926,50.0375,12.202,1.833,40.398,38.916,38.844,0.31250,0.25230,0.40160,0.7781,0.12090,0.09740,0.15530,0.7789,1,0,1,147
2026-07-07T12:26:05.693+00:00,164.276,273,164,49.1320,0.5232,0.7466,0.4501,0.53490,0.28960,95.8313,48.6819,49.9625,8.914,1.605,17.245,38.772,39.060,0.32910,0.26440,0.42220,0.7796,0.18930,0.15360,0.24380,0.7765,1,1,1,147
2026-07-07T12:26:06.654+00:00,165.237,274,165,49.0870,0.5608,0.7846,0.4449,0.56050,0.27620,121.6989,49.1763,50.0175,25.802,1.750,8.937,48.510,48.492,0.29100,0.32900,0.43920,0.6625,0.25920,0.29290,0.39110,0.6627,1,1,1,147
2026-07-07T12:26:07.613+00:00,166.196,275,166,49.1140,0.7694,0.7830,0.5772,0.54290,0.35260,97.8521,49.2514,120.3514,52.266,2.212,20.427,38.826,48.762,0.31620,0.25450,0.40590,0.7791,0.32010,0.36510,0.48550,0.6592,1,0,1,147
2026-07-07T12:26:08.552+00:00,167.135,276,167,49.1050,0.9236,0.7507,0.7221,0.53530,0.46500,49.5221,48.6819,105.8481,82.339,1.727,48.313,38.808,58.176,0.32060,0.25790,0.41150,0.7793,0.16530,0.26640,0.31350,0.5273,1,0,1,147
2026-07-07T12:26:09.513+00:00,168.096,277,168,49.1420,0.9331,0.7654,0.8314,0.55520,0.59000,49.9975,48.7140,49.7909,53.552,1.677,78.958,38.772,19.386,0.33640,0.27020,0.43140,0.7796,0.15330,0.05390,0.16250,0.9433,1,0,1,147
2026-07-07T12:26:10.473+00:00,169.056,278,169,49.1840,0.7193,0.7716,0.6741,0.55930,0.49810,49.9900,48.7852,50.0200,23.343,1.593,57.303,38.916,29.052,0.32850,0.26530,0.42230,0.7781,0.11220,0.06230,0.12830,0.8742,1,0,1,147
2026-07-07T12:26:11.435+00:00,170.018,279,169,49.1840,0.5441,0.7667,0.4863,0.53190,0.34370,49.9850,49.1836,50.0375,8.829,1.718,28.002,39.078,48.474,0.32120,0.26080,0.41380,0.7763,0.13050,0.14740,0.19690,0.6630,1,1,1,147
2026-07-07T12:26:12.394+00:00,170.977,280,170,49.2030,0.5293,0.7687,0.4321,0.55360,0.26730,107.3998,48.6760,50.0801,22.355,1.772,8.293,38.790,48.564,0.33380,0.26830,0.42830,0.7794,0.26500,0.30030,0.40050,0.6618,1,1,1,147
2026-07-07T12:26:13.354+00:00,171.937,281,171,49.2160,0.8003,0.7498,0.6095,0.53660,0.37650,77.0327,49.0605,139.5187,69.788,1.703,35.633,38.808,38.808,0.31660,0.25460,0.40620,0.7793,0.29470,0.23700,0.37810,0.7793,1,0,1,147
2026-07-07T12:26:14.315+00:00,172.898,282,172,49.2040,0.9797,0.7736,0.8473,0.54870,0.57660,49.9825,48.9380,49.9550,50.320,1.911,82.551,29.556,19.530,0.37840,0.21460,0.43500,0.8699,0.13410,0.04760,0.14230,0.9425,1,0,1,147
2026-07-07T12:26:15.276+00:00,173.859,283,173,49.2070,0.6530,0.7906,0.6140,0.54690,0.44360,49.9850,49.2005,50.0350,11.689,1.648,32.650,39.078,38.826,0.31580,0.25650,0.40690,0.7763,0.14110,0.11360,0.18120,0.7791,1,0,1,147
2026-07-07T12:26:16.234+00:00,174.817,284,174,49.2500,0.5173,0.7801,0.4392,0.54620,0.26650,101.9784,49.3279,52.1540,18.561,1.732,9.230,48.672,48.744,0.28700,0.32640,0.43470,0.6604,0.24330,0.27730,0.36890,0.6594,1,1,1,147
2026-07-07T12:26:17.193+00:00,175.776,285,175,49.2560,0.7562,0.7665,0.5745,0.53800,0.36410,97.2337,48.9572,142.0757,65.334,1.705,30.980,39.060,29.052,0.31810,0.25810,0.40970,0.7765,0.35520,0.19730,0.40640,0.8742,1,0,1,147
2026-07-07T12:26:18.154+00:00,176.737,286,176,49.3170,0.9859,0.7621,0.8235,0.54570,0.55880,49.9875,49.2090,49.7859,54.132,1.652,76.834,39.330,19.386,0.33910,0.27780,0.43840,0.7735,0.14730,0.05180,0.15610,0.9433,1,0,1,147
2026-07-07T12:26:19.115+00:00,177.698,287,177,49.2990,0.6844,0.7675,0.6423,0.55420,0.46930,49.9825,49.1787,50.0300,12.474,1.727,29.990,38.826,39.060,0.32080,0.25820,0.41180,0.7791,0.15620,0.12680,0.20120,0.7765,1,0,1,147
2026-07-07T12:26:20.075+00:00,178.658,288,178,49.3070,0.5333,0.7818,0.4326,0.55780,0.26990,122.5340,49.4829,50.0000,35.522,1.747,14.683,39.060,48.510,0.31980,0.25960,0.41190,0.7765,0.32490,0.36730,0.49040,0.6625,1,1,1,147
2026-07-07T12:26:21.035+00:00,179.618,289,179,49.3670,0.9461,0.7616,0.7412,0.53290,0.47610,49.6771,49.3206,99.9350,64.056,1.637,72.467,39.186,19.386,0.33730,0.27500,0.43520,0.7751,0.15730,0.05540,0.16680,0.9433,1,0,1,147
2026-07-07T12:26:21.995+00:00,180.578,290,180,49.3690,0.6900,0.7813,0.6450,0.55420,0.46680,49.9750,49.5417,50.0375,9.503,1.688,22.918,38.754,38.880,0.32870,0.26390,0.42150,0.7798,0.19350,0.15600,0.24860,0.7785,0,0,1,147
2026-07-07T12:26:22.955+00:00,181.538,291,181,49.3670,0.5991,0.7942,0.4801,0.56110,0.30140,111.2223,49.8132,49.9850,58.898,1.847,33.812,38.790,29.106,0.31780,0.25540,0.40770,0.7794,0.30080,0.16750,0.34430,0.8737,1,1,1,147
2026-07-07T12:26:23.917+00:00,182.499,292,182,49.4170,0.9102,0.7746,0.8110,0.55910,0.58600,49.9975,49.5516,49.9850,25.188,1.526,45.664,48.780,29.070,0.26590,0.30350,0.40350,0.6590,0.13960,0.07760,0.15970,0.8740,0,0,1,147
2026-07-07T12:26:24.877+00:00,183.460,293,183,49.4170,0.5224,0.7595,0.4353,0.54490,0.25780,109.0275,49.9825,50.0075,31.213,1.747,14.318,38.736,48.690,0.31750,0.25470,0.40710,0.7800,0.31750,0.36130,0.48100,0.6601,1,1,1,147
2026-07-07T12:26:25.837+00:00,184.420,294,184,49.4430,0.9641,0.7480,0.7743,0.53850,0.50870,49.9750,49.6229,49.9151,49.018,1.681,76.156,48.510,29.124,0.28080,0.31750,0.42380,0.6625,0.10840,0.06040,0.12410,0.8736,0,0,1,147
2026-07-07T12:26:26.795+00:00,185.378,295,185,49.4410,0.5578,0.7426,0.4963,0.52670,0.33370,49.9725,49.6413,49.9650,12.514,2.091,9.687,39.042,48.744,0.33510,0.27170,0.43140,0.7767,0.25030,0.28540,0.37960,0.6594,0,1,1,147
2026-07-07T12:26:27.757+00:00,186.340,296,186,49.4550,0.8029,0.7430,0.6219,0.52950,0.40150,49.8368,49.6956,111.2409,79.730,1.695,68.129,38.808,19.890,0.32750,0.26340,0.42030,0.7793,0.17050,0.06170,0.18140,0.9403,1,0,1,147
2026-07-07T12:26:28.717+00:00,187.300,297,187,49.4670,0.7139,0.8062,0.6510,0.56140,0.47580,49.9725,49.1545,50.0050,9.990,1.630,20.662,38.808,39.060,0.33180,0.26690,0.42580,0.7793,0.20350,0.16510,0.26210,0.7765,1,0,1,147
2026-07-07T12:26:29.677+00:00,188.260,298,188,49.4800,0.6259,0.8009,0.4959,0.55880,0.31230,108.0030,49.2174,69.4927,62.286,1.667,38.095,38.736,29.052,0.32450,0.26030,0.41600,0.7800,0.25970,0.14420,0.29700,0.8742,1,1,1,147
2026-07-07T12:26:30.636+00:00,189.219,299,189,49.4870,0.8419,0.7822,0.7573,0.56180,0.55420,49.9875,49.4829,49.9913,13.051,1.588,26.780,38.718,48.438,0.32690,0.26200,0.41890,0.7802,0.16390,0.18490,0.24710,0.6634,1,0,1,147
2026-07-07T12:26:31.597+00:00,190.180,300,190,49.4960,0.6218,0.8017,0.4967,0.55870,0.30940,98.5707,49.9151,50.0125,71.356,1.648,47.297,38.718,19.386,0.32830,0.26320,0.42080,0.7802,0.23030,0.08100,0.24410,0.9433,1,1,1,147
2026-07-07T12:26:32.556+00:00,191.139,301,191,49.5020,0.7765,0.7877,0.7082,0.55960,0.51770,49.9950,49.5025,50.0300,9.529,1.958,20.330,38.808,48.474,0.33440,0.26900,0.42920,0.7793,0.19080,0.21550,0.28780,0.6630,0,0,1,147
2026-07-07T12:26:33.518+00:00,192.101,302,192,49.5050,0.6781,0.7855,0.5348,0.55070,0.33880,99.0933,49.8355,133.2445,79.614,1.776,59.140,38.808,19.836,0.32500,0.26140,0.41710,0.7793,0.18640,0.06730,0.19820,0.9407,1,0,1,147
2026-07-07T12:26:34.457+00:00,193.040,303,192,49.5050,0.7167,0.8062,0.6475,0.56110,0.47520,49.9825,49.4829,50.0025,8.356,1.903,14.149,38.754,38.736,0.34130,0.27400,0.43770,0.7798,0.25700,0.20620,0.32950,0.7800,1,0,1,147
2026-07-07T12:26:35.418+00:00,194.001,304,193,49.5090,0.7480,0.7663,0.5802,0.53950,0.37110,54.4351,49.8977,116.1980,80.225,2.001,71.498,38.844,19.368,0.34050,0.27420,0.43720,0.7789,0.14100,0.04960,0.14940,0.9434,1,0,1,147
2026-07-07T12:26:36.378+00:00,194.961,305,194,49.5140,0.6310,0.7592,0.5743,0.53960,0.40910,49.9850,49.6450,50.0050,10.682,2.242,10.498,38.826,48.492,0.33760,0.27170,0.43330,0.7791,0.25590,0.28910,0.38610,0.6627,0,0,1,147
2026-07-07T12:26:37.338+00:00,195.921,306,195,49.5180,0.8282,0.7632,0.6414,0.53060,0.41040,49.8418,49.4474,99.9051,69.985,1.826,81.713,39.330,19.368,0.33820,0.27710,0.43730,0.7735,0.11980,0.04210,0.12700,0.9434,1,0,1,147
2026-07-07T12:26:38.298+00:00,196.881,307,196,49.5250,0.5770,0.7553,0.5150,0.53080,0.35960,49.9875,49.7055,49.9975,14.407,1.958,9.562,38.916,48.492,0.33080,0.26710,0.42520,0.7781,0.28990,0.32760,0.43740,0.6627,0,0,1,147
2026-07-07T12:26:39.259+00:00,197.842,308,197,49.5280,0.8831,0.7493,0.6851,0.52770,0.44560,49.7537,49.8940,99.9201,58.354,1.757,81.262,39.510,19.368,0.33090,0.27290,0.42890,0.7715,0.11040,0.03880,0.11700,0.9434,1,0,1,147
2026-07-07T12:26:40.219+00:00,198.802,309,198,49.5420,0.5388,0.7545,0.4668,0.52640,0.31340,49.9950,49.3413,49.9825,19.238,1.647,10.043,39.078,58.194,0.31990,0.25980,0.41210,0.7763,0.24760,0.39930,0.46980,0.5270,1,1,1,147
2026-07-07T12:26:41.180+00:00,199.762,310,199,49.5350,0.9291,0.7576,0.7422,0.53610,0.48820,49.7389,49.8977,49.9289,47.511,2.038,72.029,48.726,19.368,0.27590,0.31440,0.41830,0.6597,0.11280,0.03960,0.11950,0.9434,0,0,1,147
2026-07-07T12:26:42.138+00:00,200.721,311,200,49.5440,0.5145,0.7555,0.4327,0.52900,0.27820,101.3479,49.3267,49.9975,27.492,1.901,14.424,39.042,48.492,0.31730,0.25730,0.40850,0.7767,0.32020,0.36180,0.48310,0.6627,1,1,1,147
2026-07-07T12:26:43.100+00:00,201.683,312,201,49.5540,0.9890,0.7513,0.7901,0.54030,0.52640,49.9925,49.8033,49.9326,37.861,1.765,59.149,38.736,38.736,0.31500,0.25270,0.40390,0.7800,0.10490,0.08420,0.13450,0.7800,0,0,1,147
2026-07-07T12:26:44.060+00:00,202.643,313,202,49.5490,0.5054,0.7705,0.4151,0.54180,0.25820,107.7819,49.6475,49.9925,35.104,1.587,19.430,48.402,48.510,0.27030,0.30450,0.40720,0.6639,0.29600,0.33470,0.44680,0.6625,1,1,1,147
2026-07-07T12:26:45.019+00:00,203.602,314,203,49.5610,0.9931,0.7660,0.8212,0.55010,0.56490,49.9875,49.4927,49.8803,29.167,1.528,48.229,38.808,38.736,0.31260,0.25140,0.40120,0.7793,0.12370,0.09920,0.15860,0.7800,1,0,1,147
2026-07-07T12:26:45.980+00:00,204.563,315,204,49.5690,0.5125,0.7807,0.4131,0.55270,0.25430,120.0048,49.9276,49.9900,46.973,1.736,30.671,38.790,29.160,0.31770,0.25540,0.40770,0.7794,0.28630,0.15980,0.32790,0.8733,1,1,1,147
2026-07-07T12:26:46.939+00:00,205.522,316,205,49.5830,0.8611,0.8010,0.7706,0.56280,0.55070,49.9925,49.7463,50.0000,10.908,1.778,18.709,38.934,39.024,0.33620,0.27160,0.43220,0.7779,0.23790,0.19280,0.30620,0.7769,0,0,1,147
2026-07-07T12:26:47.901+00:00,206.484,317,206,49.6010,0.7190,0.7825,0.5745,0.54170,0.36980,54.8862,49.8455,112.5682,73.175,1.773,78.611,39.456,29.142,0.33430,0.27520,0.43300,0.7721,0.10950,0.06110,0.12540,0.8734,1,0,1,147
2026-07-07T12:26:48.860+00:00,207.443,318,207,49.6170,0.5691,0.7577,0.5011,0.52580,0.33280,50.0050,49.7203,49.9975,21.591,1.621,12.369,38.808,48.780,0.31830,0.25600,0.40850,0.7793,0.30950,0.35320,0.46960,0.6590,0,0,1,147
2026-07-07T12:26:49.820+00:00,208.403,319,208,49.6320,0.9827,0.7792,0.7971,0.54970,0.54490,49.9875,49.8331,49.9114,27.429,1.581,38.521,48.438,38.754,0.26940,0.30380,0.40610,0.6634,0.15070,0.12090,0.19320,0.7798,0,0,1,147
2026-07-07T12:26:50.781+00:00,209.364,320,209,49.6430,0.5505,0.7960,0.4596,0.56070,0.27460,117.6609,49.9850,49.9925,64.827,1.677,48.285,39.042,29.070,0.33030,0.26790,0.42520,0.7767,0.19590,0.10890,0.22410,0.8740,1,1,1,147
2026-07-07T12:26:51.741+00:00,210.323,321,210,49.6510,0.7319,0.7855,0.6739,0.55030,0.47570,49.9900,49.7810,50.0225,8.466,1.642,9.579,48.438,48.564,0.28790,0.32470,0.43400,0.6634,0.25860,0.29300,0.39080,0.6618,0,0,1,147
2026-07-07T12:26:52.701+00:00,211.284,322,211,49.6580,0.8547,0.7414,0.6750,0.52580,0.43630,49.8306,49.6931,49.9700,50.940,1.686,68.328,38.790,29.142,0.32370,0.26010,0.41520,0.7794,0.10700,0.05960,0.12250,0.8734,0,0,1,147
2026-07-07T12:26:53.661+00:00,212.244,323,212,49.6610,0.5198,0.7454,0.4448,0.53460,0.26300,102.6799,49.9052,49.9975,34.995,1.764,25.269,39.078,29.376,0.31500,0.25580,0.40580,0.7763,0.31500,0.17730,0.36150,0.8714,1,1,1,147
2026-07-07T12:26:54.621+00:00,213.204,324,213,49.6630,0.8904,0.8005,0.7774,0.56120,0.55020,49.9850,49.8182,49.9938,8.507,1.805,12.674,38.736,38.826,0.34050,0.27320,0.43660,0.7800,0.29330,0.23600,0.37640,0.7791,0,0,1,147
2026-07-07T12:26:55.579+00:00,214.162,325,214,49.6640,0.8446,0.7542,0.6690,0.52840,0.42970,49.8703,49.9913,49.9675,44.753,1.601,60.682,39.078,29.250,0.31130,0.25280,0.40100,0.7763,0.12230,0.06850,0.14010,0.8725,0,0,1,147
2026-07-07T12:26:56.541+00:00,215.124,326,215,49.6660,0.5201,0.7844,0.4234,0.55580,0.24790,134.3725,49.9875,49.9975,63.026,2.292,49.734,38.808,29.646,0.32250,0.25940,0.41390,0.7793,0.18130,0.10320,0.20860,0.8691,1,1,1,147
2026-07-07T12:26:57.502+00:00,216.085,327,216,49.6670,0.6952,0.7939,0.6231,0.55660,0.44160,49.9850,49.9376,49.9600,12.721,1.759,9.429,38.718,39.096,0.32370,0.25950,0.41490,0.7802,0.36980,0.30050,0.47650,0.7761,0,0,1,147
2026-07-07T12:26:58.462+00:00,217.045,328,216,49.6670,0.9871,0.7520,0.7847,0.54090,0.53210,49.9950,49.9950,49.9164,22.593,1.593,30.282,48.762,38.718,0.27270,0.31100,0.41360,0.6592,0.19010,0.15240,0.24360,0.7802,0,0,1,147
2026-07-07T12:26:59.422+00:00,218.005,329,217,49.6680,0.6361,0.7941,0.5262,0.55600,0.32460,99.6860,49.8430,49.9875,72.273,1.840,77.069,39.312,29.070,0.33500,0.27430,0.43300,0.7737,0.10690,0.05940,0.12230,0.8740,1,0,1,147
2026-07-07T12:27:00.383+00:00,218.966,330,218,49.6690,0.5620,0.7463,0.4814,0.52570,0.30460,100.3009,49.9139,50.0125,32.772,1.713,23.839,39.042,29.052,0.31400,0.25470,0.40430,0.7767,0.31960,0.17760,0.36570,0.8742,1,1,1,147
2026-07-07T12:27:01.342+00:00,219.925,331,219,49.6700,0.8934,0.7847,0.7771,0.56200,0.55280,49.9950,49.9950,49.9850,9.255,2.254,13.547,48.492,48.528,0.28930,0.32690,0.43660,0.6627,0.24320,0.27510,0.36720,0.6623,0,0,1,147
2026-07-07T12:27:02.303+00:00,220.886,332,220,49.6690,0.8306,0.7525,0.6520,0.52690,0.42890,49.9501,49.9613,49.9600,46.784,1.844,61.622,38.754,29.070,0.31520,0.25300,0.40420,0.7798,0.11840,0.06580,0.13540,0.8740,0,0,1,147
2026-07-07T12:27:03.263+00:00,221.846,333,221,49.6700,0.5080,0.7740,0.4220,0.55260,0.24530,130.4461,49.9725,49.9950,59.048,1.695,47.121,39.042,29.088,0.32910,0.26690,0.42380,0.7767,0.18800,0.10460,0.21510,0.8739,1,1,1,147
2026-07-07T12:27:04.223+00:00,222.806,334,222,49.6720,0.6986,0.7804,0.6403,0.54420,0.44340,49.8380,49.8703,50.0025,13.031,2.658,8.992,38.808,48.600,0.32280,0.25960,0.41420,0.7793,0.30740,0.34870,0.46490,0.6613,0,0,1,147
2026-07-07T12:27:05.182+00:00,223.765,335,223,49.6760,0.9849,0.7684,0.7936,0.54300,0.52920,50.0000,49.8182,49.9451,23.198,1.731,32.626,38.736,38.772,0.32290,0.25900,0.41390,0.7800,0.18420,0.14790,0.23620,0.7796,0,0,1,147
2026-07-07T12:27:06.144+00:00,224.727,336,224,49.6790,0.6343,0.7966,0.5079,0.55400,0.32120,99.4975,49.9950,49.9850,77.576,1.863,79.975,39.510,29.052,0.33180,0.27360,0.43010,0.7715,0.10370,0.05760,0.11860,0.8742,1,0,1,147
2026-07-07T12:27:07.103+00:00,225.686,337,225,49.6840,0.5432,0.7518,0.4672,0.52530,0.30890,96.9932,49.9900,50.0125,33.402,1.747,23.249,38.808,38.826,0.31650,0.25450,0.40610,0.7793,0.28710,0.23110,0.36860,0.7791,1,1,1,147
2026-07-07T12:27:08.063+00:00,226.646,338,226,49.6890,0.9012,0.7970,0.7868,0.56180,0.55410,49.9925,49.9925,50.0013,8.955,1.582,13.970,38.880,38.736,0.33900,0.27330,0.43540,0.7785,0.28300,0.22700,0.36280,0.7800,0,0,1,147
2026-07-07T12:27:09.022+00:00,227.605,339,227,49.6960,0.8225,0.7538,0.6537,0.52930,0.42340,49.9700,49.9176,49.9588,45.352,2.489,60.259,38.736,29.052,0.31720,0.25450,0.40670,0.7800,0.11870,0.06600,0.13580,0.8742,0,0,1,147
2026-07-07T12:27:09.984+00:00,228.567,340,228,49.7040,0.5255,0.7776,0.4372,0.54920,0.24390,124.3626,49.9850,49.9800,60.250,1.671,47.474,38.754,29.808,0.32120,0.25780,0.41180,0.7798,0.19200,0.11000,0.22120,0.8677,1,1,1,147
2026-07-07T12:27:10.944+00:00,229.527,341,229,49.7090,0.7162,0.7913,0.6379,0.55820,0.45000,49.9825,49.9925,49.9875,12.536,1.749,9.584,39.060,48.474,0.32290,0.26200,0.41580,0.7765,0.31330,0.35380,0.47250,0.6630,0,0,1,147
2026-07-07T12:27:11.905+00:00,230.488,342,230,49.7120,0.9851,0.7517,0.7823,0.54070,0.52380,49.9975,49.9825,49.9363,25.185,1.534,33.295,48.474,39.060,0.27390,0.30930,0.41310,0.6630,0.17730,0.14380,0.22830,0.7765,0,0,1,147
2026-07-07T12:27:12.865+00:00,231.448,343,231,49.7120,0.6143,0.7983,0.4965,0.55670,0.31490,99.6959,49.8132,50.0225,77.634,1.792,77.469,39.546,29.124,0.33420,0.27600,0.43340,0.7711,0.10510,0.05860,0.12040,0.8736,1,1,1,147
2026-07-07T12:27:13.825+00:00,232.408,344,232,49.7100,0.5520,0.7448,0.4725,0.52490,0.31120,103.4554,49.9688,50.0200,31.458,1.682,21.991,38.808,29.034,0.31510,0.25340,0.40440,0.7793,0.33080,0.18360,0.37830,0.8743,1,1,1,147
2026-07-07T12:27:14.785+00:00,233.368,345,233,49.7090,0.9054,0.7856,0.7933,0.56220,0.55620,49.9975,49.9775,49.9987,9.748,2.509,14.144,48.600,38.718,0.28900,0.32780,0.43700,0.6613,0.28010,0.22450,0.35900,0.7802,0,0,1,147
2026-07-07T12:27:15.746+00:00,234.328,346,234,49.7100,0.8187,0.7548,0.6498,0.52940,0.41910,49.8355,49.9750,50.0113,47.481,1.639,63.503,48.438,29.070,0.27120,0.30590,0.40880,0.6634,0.11700,0.06500,0.13380,0.8740,0,0,1,147
2026-07-07T12:27:16.706+00:00,235.289,347,235,49.7080,0.5199,0.7688,0.4369,0.54850,0.24280,124.0849,49.9276,50.0000,60.528,2.287,46.734,48.492,29.052,0.28190,0.31850,0.42540,0.6627,0.18910,0.10500,0.21630,0.8742,1,1,1,147
2026-07-07T12:27:17.666+00:00,236.249,348,236,49.7100,0.6974,0.7705,0.6391,0.54360,0.45240,49.9875,49.9925,49.9975,13.505,1.798,9.347,39.078,48.492,0.32470,0.26370,0.41830,0.7763,0.31280,0.35340,0.47190,0.6627,0,0,1,147
2026-07-07T12:27:18.625+00:00,237.208,349,237,49.7120,0.9749,0.7601,0.7735,0.53870,0.51990,49.9975,49.8405,49.9351,24.833,1.638,34.600,38.754,38.736,0.32060,0.25740,0.41110,0.7798,0.17660,0.14160,0.22640,0.7800,0,0,1,147
2026-07-07T12:27:19.586+00:00,238.169,350,238,49.7120,0.6022,0.7968,0.5025,0.55790,0.31250,99.6661,49.9875,49.9750,76.879,1.995,73.722,39.438,29.142,0.33420,0.27490,0.43270,0.7723,0.11000,0.06130,0.12590,0.8734,1,0,1,147
2026-07-07T12:27:20.546+00:00,239.129,351,239,49.7180,0.5614,0.7448,0.4968,0.52510,0.31680,94.3129,49.9850,50.0025,29.089,1.703,21.873,38.826,39.042,0.31440,0.25300,0.40360,0.7791,0.29860,0.24220,0.38450,0.7767,1,1,1,147
2026-07-07T12:27:21.506+00:00,240.089,352,240,49.7240,0.9195,0.7934,0.7969,0.56190,0.55980,49.9900,49.9650,49.9800,9.902,1.624,14.210,38.916,38.736,0.34060,0.27500,0.43780,0.7781,0.27880,0.22360,0.35740,0.7800,0,0,1,147
2026-07-07T12:27:22.466+00:00,241.049,353,240,49.7240,0.8105,0.7638,0.6501,0.53070,0.41580,49.9438,49.7327,73.0353,47.825,2.179,63.794,38.754,29.088,0.31790,0.25520,0.40770,0.7798,0.11560,0.06430,0.13230,0.8739,1,0,1,147
2026-07-07T12:27:23.427+00:00,242.010,354,241,49.7270,0.5169,0.7651,0.4344,0.54540,0.24390,127.8445,49.9850,49.9900,58.511,1.677,44.695,38.754,29.052,0.33110,0.26580,0.42460,0.7798,0.19440,0.10800,0.22230,0.8742,1,1,1,147
2026-07-07T12:27:24.386+00:00,242.969,355,242,49.7290,0.7078,0.7812,0.6438,0.54430,0.45830,49.9775,49.9800,49.9813,12.165,2.336,9.622,38.934,48.492,0.32620,0.26350,0.41930,0.7779,0.31260,0.35330,0.47180,0.6627,0,0,1,147
2026-07-07T12:27:25.347+00:00,243.930,356,243,49.7310,0.9732,0.7621,0.7741,0.53700,0.51640,49.9875,49.9875,49.9226,25.500,1.671,35.451,38.754,38.754,0.31860,0.25570,0.40850,0.7798,0.17310,0.13890,0.22190,0.7798,0,0,1,147
2026-07-07T12:27:26.307+00:00,244.890,357,244,49.7330,0.5981,0.7995,0.4883,0.55900,0.30860,99.4481,49.9700,49.9850,77.190,1.708,72.434,39.330,29.124,0.33440,0.27400,0.43230,0.7735,0.11150,0.06210,0.12770,0.8736,1,1,1,147
2026-07-07T12:27:27.267+00:00,245.850,358,245,49.7340,0.5670,0.7514,0.5008,0.52420,0.32190,93.1099,49.9663,50.0200,29.030,1.886,21.623,38.916,38.880,0.31500,0.25430,0.40490,0.7781,0.30410,0.24520,0.39070,0.7785,1,0,1,147
2026-07-07T12:27:28.227+00:00,246.810,359,246,49.7330,0.9269,0.7968,0.7913,0.56190,0.56100,49.9950,49.6722,49.9900,9.362,1.677,15.156,38.718,38.826,0.33920,0.27190,0.43470,0.7802,0.27640,0.22240,0.35480,0.7791,0,0,1,147
2026-07-07T12:27:29.188+00:00,247.770,360,247,49.7290,0.8083,0.7609,0.6448,0.53200,0.41270,49.9351,49.8480,97.0214,50.900,1.677,65.178,38.736,38.754,0.31450,0.25230,0.40320,0.7800,0.10210,0.08190,0.13090,0.7798,1,0,1,147
2026-07-07T12:27:30.148+00:00,248.731,361,248,49.7260,0.5228,0.7753,0.4238,0.55220,0.24630,121.9810,49.9925,49.9950,57.826,1.883,44.041,38.754,29.052,0.33190,0.26640,0.42560,0.7798,0.19800,0.11000,0.22650,0.8742,1,1,1,147
2026-07-07T12:27:31.108+00:00,249.691,362,249,49.7240,0.7180,0.7904,0.6409,0.54540,0.46220,49.9700,49.9002,49.9813,12.416,1.722,9.281,38.970,48.510,0.32720,0.26470,0.42090,0.7775,0.31060,0.35120,0.46890,0.6625,0,0,1,147
2026-07-07T12:27:32.067+00:00,250.650,363,250,49.7230,0.9646,0.7498,0.7625,0.53590,0.51320,49.9975,49.9226,49.9525,26.384,1.633,35.828,38.754,38.754,0.31830,0.25550,0.40820,0.7798,0.17030,0.13670,0.21840,0.7798,0,0,1,147
2026-07-07T12:27:33.028+00:00,251.611,364,251,49.7250,0.5980,0.7967,0.4889,0.55950,0.30460,98.9854,49.9850,49.9800,76.072,1.812,71.675,39.294,29.178,0.33670,0.27550,0.43500,0.7739,0.11320,0.06320,0.12970,0.8731,1,1,1,147
2026-07-07T12:27:33.988+00:00,252.570,365,252,49.7290,0.5795,0.7522,0.5063,0.52480,0.32670,60.8643,49.9813,50.0075,28.442,1.820,20.549,38.916,38.916,0.31390,0.25340,0.40340,0.7781,0.30820,0.24880,0.39610,0.7781,1,0,1,147
2026-07-07T12:27:34.949+00:00,253.532,366,253,49.7340,0.9327,0.7856,0.7949,0.56090,0.56230,50.0025,49.9975,49.9813,10.155,1.946,15.509,38.808,38.790,0.33820,0.27200,0.43400,0.7793,0.27210,0.21870,0.34910,0.7794,0,0,1,147
2026-07-07T12:27:35.908+00:00,254.491,367,254,49.7400,0.7988,0.7616,0.6375,0.53360,0.40820,49.9563,49.9139,104.3188,53.691,1.690,67.596,48.816,29.394,0.26870,0.30710,0.40810,0.6585,0.10830,0.06100,0.12430,0.8713,1,0,1,147
2026-07-07T12:27:36.869+00:00,255.452,368,255,49.7430,0.5072,0.7718,0.4099,0.54860,0.24530,123.4111,49.9725,49.9925,58.137,1.687,42.946,38.826,29.124,0.32940,0.26510,0.42280,0.7791,0.20230,0.11270,0.23160,0.8736,1,1,1,147
2026-07-07T12:27:37.829+00:00,256.412,369,256,49.7480,0.7113,0.7821,0.6540,0.54790,0.46630,49.9825,49.9326,49.9863,11.124,2.465,9.321,39.078,48.438,0.32640,0.26500,0.42050,0.7763,0.30790,0.34720,0.46400,0.6634,0,0,1,147
2026-07-07T12:27:38.789+00:00,257.372,370,257,49.7630,0.9659,0.7444,0.7614,0.53560,0.50890,49.9725,49.9600,49.9401,27.070,1.665,37.508,38.754,38.736,0.31840,0.25560,0.40830,0.7798,0.16620,0.13330,0.21300,0.7800,0,0,1,147
2026-07-07T12:27:39.749+00:00,258.332,371,258,49.7630,0.5865,0.8006,0.4870,0.56020,0.30160,99.7407,49.9675,50.0000,77.762,1.965,73.303,39.330,29.106,0.33500,0.27450,0.43310,0.7735,0.10530,0.05860,0.12050,0.8737,1,1,1,147
2026-07-07T12:27:40.710+00:00,259.293,372,259,49.7600,0.5451,0.7399,0.4718,0.52580,0.28930,100.4924,49.9850,50.0075,41.572,1.834,36.453,38.898,29.394,0.32470,0.26200,0.41720,0.7783,0.22310,0.12570,0.25610,0.8713,1,1,1,147
2026-07-07T12:27:41.670+00:00,260.253,373,260,49.7630,0.7421,0.7804,0.6603,0.54650,0.46230,49.9700,49.9900,49.9738,15.494,2.035,10.823,38.934,48.474,0.31730,0.25630,0.40790,0.7779,0.29810,0.33660,0.44960,0.6630,0,0,1,147
2026-07-07T12:27:42.629+00:00,261.212,374,261,49.7600,0.9839,0.7845,0.8112,0.55620,0.55500,49.9900,49.9925,49.9888,11.784,1.534,15.393,38.736,38.916,0.34040,0.27300,0.43640,0.7800,0.28120,0.22700,0.36140,0.7781,0,0,1,147
2026-07-07T12:27:43.590+00:00,262.173,375,262,49.7580,0.8420,0.7476,0.6630,0.52520,0.44070,49.9850,49.9888,49.9588,36.851,1.463,44.698,38.808,38.754,0.31460,0.25300,0.40370,0.7793,0.14730,0.11820,0.18890,0.7798,0,0,1,147
2026-07-07T12:27:44.550+00:00,263.133,376,263,49.7580,0.5751,0.7998,0.4820,0.56010,0.29090,99.5619,49.9900,49.9750,72.558,1.535,77.768,39.366,38.754,0.32380,0.26560,0.41880,0.7731,0.08960,0.07190,0.11490,0.7798,1,1,1,147
2026-07-07T12:27:45.510+00:00,264.093,377,264,49.7590,0.5314,0.7541,0.4417,0.53750,0.26260,113.2118,49.9775,49.9875,52.551,1.538,43.887,38.754,29.070,0.33260,0.26700,0.42650,0.7798,0.18640,0.10360,0.21330,0.8740,1,1,1,147
2026-07-07T12:27:46.470+00:00,265.053,378,264,49.7590,0.6783,0.7774,0.6111,0.53780,0.42640,49.9850,49.9850,49.9925,20.021,1.631,14.993,38.754,48.510,0.31510,0.25290,0.40410,0.7798,0.27840,0.31480,0.42030,0.6625,0,0,1,147
2026-07-07T12:27:47.430+00:00,266.013,379,265,49.7600,0.9533,0.7855,0.8055,0.56080,0.55420,49.9900,49.9975,50.0113,8.939,1.871,11.073,38.718,48.492,0.33950,0.27220,0.43520,0.7802,0.26960,0.30460,0.40680,0.6627,0,0,1,147
2026-07-07T12:27:48.390+00:00,266.973,380,266,49.7640,0.9022,0.7456,0.7172,0.52500,0.47000,49.9501,49.9014,49.9663,27.567,1.905,36.147,48.762,48.528,0.27270,0.31110,0.41370,0.6592,0.15170,0.17160,0.22910,0.6623,0,0,1,147
2026-07-07T12:27:49.349+00:00,267.932,381,267,49.7710,0.6429,0.7944,0.5176,0.55210,0.32590,99.5867,49.9875,49.9900,67.522,1.492,77.618,38.880,29.052,0.32160,0.25930,0.41310,0.7785,0.09670,0.05370,0.11070,0.8742,1,0,1,147
2026-07-07T12:27:50.310+00:00,268.893,382,268,49.7760,0.5065,0.7645,0.4146,0.54430,0.24440,123.0618,49.9950,50.0025,61.205,1.538,50.477,48.780,29.700,0.27440,0.31330,0.41650,0.6590,0.16180,0.09230,0.18630,0.8686,1,1,1,147
2026-07-07T12:27:51.271+00:00,269.854,383,269,49.7820,0.6449,0.7822,0.5791,0.54790,0.38970,49.9775,49.9825,50.0050,25.452,1.667,20.128,38.808,39.042,0.31300,0.25180,0.40170,0.7793,0.29280,0.23750,0.37700,0.7767,0,0,1,147
2026-07-07T12:27:52.232+00:00,270.815,384,270,49.7910,0.8986,0.8007,0.7737,0.56140,0.53820,49.9925,49.9875,49.9950,8.330,1.959,8.688,38.808,38.718,0.33600,0.27030,0.43120,0.7793,0.34580,0.27720,0.44320,0.7802,0,0,1,147
2026-07-07T12:27:53.191+00:00,271.774,385,271,49.7980,0.9516,0.7428,0.7547,0.52890,0.49860,49.9975,49.9900,49.9588,23.115,1.961,28.952,38.736,38.736,0.32830,0.26340,0.42090,0.7800,0.20920,0.16780,0.26820,0.7800,0,0,1,147
2026-07-07T12:27:54.149+00:00,272.732,386,272,49.8090,0.7051,0.7832,0.5587,0.54170,0.36070,49.9688,49.9788,104.8713,57.638,1.928,68.829,48.420,29.070,0.27030,0.30470,0.40730,0.6637,0.10780,0.05990,0.12330,0.8740,1,0,1,147
2026-07-07T12:27:55.111+00:00,273.694,387,273,49.8170,0.5070,0.7744,0.4083,0.55340,0.24170,133.8688,49.9725,50.0050,70.448,2.033,60.370,39.078,29.682,0.32910,0.26720,0.42390,0.7763,0.13270,0.07560,0.15270,0.8688,1,1,1,147
2026-07-07T12:27:56.071+00:00,274.654,388,274,49.8240,0.5995,0.7782,0.5268,0.53710,0.34800,49.9850,49.8952,50.0075,32.543,1.567,26.262,38.934,39.060,0.31740,0.25640,0.40810,0.7779,0.25350,0.20570,0.32650,0.7765,0,0,1,147
2026-07-07T12:27:57.032+00:00,275.615,389,275,49.8280,0.8308,0.7905,0.7350,0.55820,0.51020,49.9900,49.9850,49.9850,9.133,1.616,9.344,38.808,38.718,0.32980,0.26530,0.42330,0.7793,0.36460,0.29230,0.46740,0.7802,0,0,1,147
2026-07-07T12:27:57.992+00:00,276.575,390,276,49.8320,0.9856,0.7602,0.7916,0.53740,0.52540,49.9900,49.9775,49.9763,16.886,1.700,23.808,38.826,38.754,0.33180,0.26700,0.42580,0.7791,0.24080,0.19330,0.30880,0.7798,0,0,1,147
2026-07-07T12:27:58.953+00:00,277.536,391,277,49.8360,0.7549,0.7707,0.6108,0.53760,0.39170,49.9563,49.9875,95.2018,48.765,1.691,58.882,38.736,29.070,0.31300,0.25110,0.40120,0.7800,0.12500,0.06950,0.14300,0.8740,1,0,1,147
2026-07-07T12:27:59.913+00:00,278.496,392,278,49.8420,0.5258,0.7951,0.4223,0.56040,0.25310,124.4245,49.9875,49.9900,77.631,1.712,69.918,39.312,29.124,0.33530,0.27460,0.43340,0.7737,0.11050,0.06160,0.12650,0.8736,1,1,1,147
2026-07-07T12:28:00.873+00:00,279.456,393,279,49.8470,0.5544,0.7448,0.4826,0.52520,0.30690,101.8537,49.9825,50.0025,38.099,1.789,32.688,39.060,29.376,0.32160,0.26100,0.41420,0.7765,0.24440,0.13760,0.28050,0.8714,1,1,1,147
2026-07-07T12:28:01.833+00:00,280.416,394,280,49.8520,0.7689,0.7932,0.6915,0.54930,0.47870,49.9875,49.9750,49.9738,12.225,2.066,10.411,38.826,48.402,0.31840,0.25620,0.40870,0.7791,0.30310,0.34140,0.45650,0.6639,0,0,1,147
2026-07-07T12:28:02.792+00:00,281.375,395,281,49.8600,0.9830,0.7681,0.8100,0.55320,0.55040,50.0000,49.9850,49.9900,12.546,1.721,16.547,38.808,38.916,0.33950,0.27300,0.43570,0.7793,0.29420,0.23750,0.37820,0.7781,0,0,1,147
2026-07-07T12:28:03.753+00:00,282.336,396,282,49.8630,0.8795,0.7490,0.6993,0.52380,0.46140,49.9875,49.9089,49.9850,24.828,1.823,28.167,38.772,38.754,0.32890,0.26420,0.42190,0.7796,0.21870,0.17560,0.28050,0.7798,0,0,1,147
2026-07-07T12:28:04.714+00:00,283.297,397,283,49.8750,0.7395,0.7733,0.6030,0.53460,0.38850,49.9613,49.8940,69.5943,38.546,1.375,43.295,39.078,38.790,0.31580,0.25640,0.40680,0.7763,0.15400,0.12380,0.19760,0.7794,1,0,1,147
2026-07-07T12:28:05.674+00:00,284.257,398,284,49.8850,0.6284,0.7986,0.5025,0.55340,0.30920,99.7805,49.9875,49.9950,60.737,1.616,67.262,38.736,38.736,0.31220,0.25040,0.40020,0.7800,0.10130,0.08120,0.12980,0.7800,1,0,1,147
2026-07-07T12:28:06.613+00:00,285.196,399,285,49.8950,0.5232,0.7974,0.4239,0.56090,0.25200,123.0466,49.9900,49.9963,74.305,1.827,75.239,39.240,38.754,0.32420,0.26480,0.41860,0.7745,0.08930,0.07170,0.11450,0.7798,1,1,1,147
2026-07-07T12:28:07.574+00:00,286.157,400,286,49.9020,0.5204,0.7595,0.4349,0.54350,0.25030,125.4076,49.9800,50.0025,68.636,1.594,64.888,38.844,29.052,0.33990,0.27380,0.43650,0.7789,0.11630,0.06460,0.13300,0.8742,1,1,1,147
2026-07-07T12:28:08.534+00:00,287.117,401,287,49.9110,0.5520,0.7422,0.4716,0.52400,0.30890,100.3110,49.9700,50.0075,47.316,2.023,41.660,38.790,29.124,0.33160,0.26660,0.42550,0.7794,0.17990,0.10020,0.20600,0.8736,1,1,1,147
2026-07-07T12:28:09.493+00:00,288.076,402,288,49.9200,0.6542,0.7681,0.5857,0.53070,0.39110,49.9825,49.9264,50.0050,28.319,1.753,27.525,39.060,48.744,0.31800,0.25810,0.40960,0.7765,0.19660,0.22420,0.29820,0.6594,0,0,1,147
2026-07-07T12:28:10.455+00:00,289.038,403,288,49.9200,0.7806,0.7938,0.6829,0.55020,0.46930,49.9875,49.9401,49.9750,17.664,1.783,14.472,38.934,38.808,0.31480,0.25430,0.40470,0.7779,0.31230,0.25110,0.40070,0.7793,0,0,1,147
2026-07-07T12:28:11.415+00:00,289.997,404,289,49.9290,0.9136,0.7947,0.7668,0.56140,0.52950,49.9925,49.8803,49.9900,9.198,1.917,8.330,39.078,48.582,0.32520,0.26410,0.41890,0.7763,0.30990,0.35130,0.46850,0.6615,0,0,1,147
2026-07-07T12:28:12.375+00:00,290.958,405,290,49.9370,1.0028,0.7743,0.8050,0.55000,0.54520,50.0000,49.9875,49.9838,9.812,1.641,11.301,38.754,48.510,0.33960,0.27260,0.43540,0.7798,0.27800,0.31430,0.41960,0.6625,0,0,1,147
2026-07-07T12:28:13.335+00:00,291.918,406,291,49.9450,0.9334,0.7455,0.7456,0.52630,0.49300,49.9975,49.8803,49.9863,19.247,2.139,22.534,38.826,48.438,0.33760,0.27170,0.43330,0.7791,0.21510,0.24260,0.32430,0.6634,0,0,1,147
2026-07-07T12:28:14.296+00:00,292.879,407,292,49.9520,0.8107,0.7556,0.6437,0.52550,0.42390,49.9002,49.9675,49.9825,33.238,1.704,37.072,38.736,38.736,0.32010,0.25680,0.41040,0.7800,0.17890,0.14350,0.22930,0.7800,0,0,1,147
2026-07-07T12:28:15.256+00:00,293.839,408,293,49.9550,0.6600,0.7908,0.5384,0.54630,0.34580,50.0050,50.0000,50.0025,40.200,1.689,42.224,39.078,38.808,0.31660,0.25710,0.40780,0.7763,0.16850,0.13550,0.21620,0.7793,0,0,1,147
2026-07-07T12:28:16.216+00:00,294.799,409,294,49.9560,0.6667,0.7936,0.5433,0.54440,0.34670,49.9950,49.9900,50.0025,42.855,2.122,43.633,38.790,38.898,0.32110,0.25810,0.41200,0.7794,0.16280,0.13130,0.20910,0.7783,0,0,1,147
2026-07-07T12:28:17.175+00:00,295.758,410,295,49.9570,0.6693,0.7795,0.5386,0.53990,0.34750,49.9963,50.0025,49.9825,40.789,1.826,41.346,39.060,48.492,0.32040,0.26000,0.41270,0.7765,0.14030,0.15860,0.21170,0.6627,0,0,1,147
2026-07-07T12:28:18.136+00:00,296.719,411,296,49.9590,0.6814,0.7764,0.5455,0.53650,0.34910,99.9850,49.9875,50.0075,43.482,2.316,43.706,38.808,38.988,0.32240,0.25930,0.41370,0.7793,0.16130,0.13050,0.20750,0.7773,1,0,1,147
2026-07-07T12:28:19.097+00:00,297.680,412,297,49.9590,0.6682,0.7802,0.5436,0.54020,0.34780,49.9938,49.9938,50.0013,40.841,1.644,41.499,48.744,48.528,0.27210,0.31020,0.41260,0.6594,0.14010,0.15860,0.21160,0.6623,0,0,1,147
2026-07-07T12:28:20.056+00:00,298.639,413,298,49.9590,0.6820,0.7780,0.5453,0.53690,0.34960,100.0450,49.9938,49.9975,43.599,2.303,43.765,38.808,38.988,0.32250,0.25940,0.41390,0.7793,0.16170,0.13090,0.20800,0.7773,1,0,1,147
2026-07-07T12:28:21.017+00:00,299.600,414,299,49.9590,0.6681,0.7802,0.5384,0.54050,0.34820,49.9938,49.9850,49.9925,41.993,1.843,41.210,39.060,48.492,0.32070,0.26030,0.41310,0.7765,0.14090,0.15920,0.21260,0.6627,0,0,1,147
2026-07-07T12:28:21.977+00:00,300.560,415,300,49.9610,0.6808,0.7746,0.5474,0.53610,0.34950,50.0977,49.9975,49.9850,41.848,1.983,44.311,38.718,39.078,0.32290,0.25890,0.41390,0.7802,0.16160,0.13120,0.20810,0.7763,0,0,1,147
2026-07-07T12:28:22.937+00:00,301.520,416,301,49.9590,0.6706,0.7844,0.5306,0.53930,0.34780,49.9938,50.0100,49.9925,44.015,2.012,42.533,38.808,38.736,0.31900,0.25650,0.40930,0.7793,0.16540,0.13270,0.21210,0.7800,0,0,1,147
2026-07-07T12:28:23.897+00:00,302.480,417,302,49.9580,0.6710,0.7789,0.5416,0.54080,0.34800,49.9938,49.9963,50.0037,40.566,1.661,42.960,48.744,48.528,0.27230,0.31040,0.41290,0.6594,0.14040,0.15880,0.21190,0.6623,0,0,1,147
2026-07-07T12:28:24.857+00:00,303.440,418,303,49.9580,0.6788,0.7836,0.5433,0.53730,0.34940,49.9838,49.9938,49.9963,43.875,1.991,43.458,38.844,38.880,0.32040,0.25800,0.41140,0.7789,0.16250,0.13100,0.20870,0.7785,0,0,1,147
2026-07-07T12:28:25.818+00:00,304.401,419,304,49.9570,0.6698,0.7786,0.5456,0.54120,0.34870,49.9813,49.9888,49.9888,40.373,1.436,42.325,48.708,48.492,0.27290,0.31070,0.41350,0.6599,0.14080,0.15910,0.21250,0.6627,0,0,1,147
2026-07-07T12:28:26.778+00:00,305.361,420,305,49.9570,0.6798,0.7829,0.5423,0.53690,0.34930,99.9800,49.9900,50.0050,43.239,1.905,43.604,38.790,39.042,0.32200,0.25880,0.41320,0.7794,0.16080,0.13040,0.20710,0.7767,1,0,1,147
2026-07-07T12:28:27.738+00:00,306.321,421,306,49.9580,0.6612,0.7789,0.5388,0.54020,0.34850,49.9913,49.9900,50.0037,41.263,1.297,40.929,48.744,48.492,0.27250,0.31070,0.41320,0.6594,0.14090,0.15930,0.21270,0.6627,0,0,1,147
2026-07-07T12:28:28.698+00:00,307.281,422,307,49.9520,0.6801,0.7795,0.5451,0.53590,0.34890,100.0000,50.0013,49.9875,41.883,2.209,44.576,38.754,39.096,0.32260,0.25890,0.41370,0.7798,0.16080,0.13070,0.20720,0.7761,1,0,1,147
2026-07-07T12:28:29.658+00:00,308.241,423,308,49.9590,0.6677,0.7826,0.5289,0.53970,0.34790,49.9888,50.0063,50.0037,42.058,1.832,41.440,38.880,38.790,0.31790,0.25630,0.40840,0.7785,0.16630,0.13370,0.21340,0.7794,0,0,1,147
2026-07-07T12:28:30.619+00:00,309.201,424,309,49.9590,0.6691,0.7809,0.5471,0.54190,0.34720,99.9550,49.9938,50.0000,41.838,2.289,43.166,38.916,48.492,0.32170,0.25980,0.41350,0.7781,0.13910,0.15720,0.20990,0.6627,1,0,1,147
2026-07-07T12:28:31.579+00:00,310.162,425,310,49.9610,0.6747,0.7862,0.5373,0.53800,0.34770,49.9950,50.0125,49.9987,44.412,2.345,43.760,38.808,38.916,0.32040,0.25770,0.41120,0.7793,0.16100,0.13000,0.20690,0.7781,0,0,1,147
2026-07-07T12:28:32.538+00:00,311.121,426,311,49.9620,0.6661,0.7797,0.5399,0.54170,0.34630,71.6512,49.9875,49.9888,40.627,1.879,42.811,48.708,48.510,0.27260,0.31040,0.41310,0.6599,0.13950,0.15770,0.21060,0.6625,1,0,1,147
2026-07-07T12:28:33.499+00:00,312.082,427,312,49.9630,0.6765,0.7859,0.5397,0.53800,0.34710,49.9925,49.9925,50.0037,44.295,1.959,43.725,38.808,39.060,0.32180,0.25880,0.41300,0.7793,0.15880,0.12890,0.20450,0.7765,0,0,1,147
2026-07-07T12:28:34.459+00:00,313.042,428,312,49.9630,0.6610,0.7833,0.5250,0.53980,0.34680,50.0013,49.9938,50.0025,42.010,2.022,42.739,39.078,38.808,0.31670,0.25720,0.40800,0.7763,0.16680,0.13410,0.21400,0.7793,0,0,1,147
2026-07-07T12:28:35.419+00:00,314.002,429,313,49.9670,0.6663,0.7940,0.5493,0.54360,0.34610,99.9900,49.9875,49.9950,44.593,2.216,43.591,38.808,39.114,0.32160,0.25860,0.41270,0.7793,0.15890,0.12920,0.20470,0.7759,1,0,1,147
2026-07-07T12:28:36.380+00:00,314.963,430,314,49.9710,0.6635,0.7806,0.5249,0.53960,0.34610,49.9963,49.9975,49.9963,42.457,1.967,41.737,38.898,38.826,0.31730,0.25600,0.40770,0.7783,0.16550,0.13320,0.21240,0.7791,0,0,1,147
2026-07-07T12:28:37.350+00:00,315.933,431,315,49.9730,0.6666,0.7823,0.5476,0.54250,0.34570,71.5871,49.9963,49.9950,43.130,1.902,43.377,38.898,48.672,0.32170,0.25960,0.41340,0.7783,0.13790,0.15680,0.20880,0.6604,1,0,1,147
2026-07-07T12:28:38.299+00:00,316.882,432,316,49.9740,0.6738,0.7873,0.5360,0.53780,0.34650,49.9913,50.0025,49.9975,44.700,2.267,44.129,38.808,38.718,0.31910,0.25660,0.40950,0.7793,0.16160,0.12950,0.20710,0.7802,0,0,1,147
2026-07-07T12:28:39.260+00:00,317.842,433,317,49.9760,0.6635,0.7796,0.5352,0.54090,0.34540,49.9938,50.0037,50.0037,40.860,2.293,43.362,39.060,48.510,0.32130,0.26070,0.41380,0.7765,0.13950,0.15780,0.21060,0.6625,0,0,1,147
2026-07-07T12:28:40.220+00:00,318.803,434,318,49.9780,0.6777,0.7854,0.5403,0.53780,0.34670,99.9900,50.0000,49.9950,43.525,1.914,45.169,38.718,39.060,0.32250,0.25850,0.41330,0.7802,0.15970,0.12960,0.20570,0.7765,1,0,1,147
2026-07-07T12:28:41.180+00:00,319.763,435,319,49.9800,0.6654,0.7818,0.5266,0.53940,0.34590,49.9913,50.0013,50.0013,42.334,1.967,41.734,38.880,38.808,0.31730,0.25580,0.40760,0.7785,0.16590,0.13340,0.21290,0.7793,0,0,1,147
2026-07-07T12:28:42.140+00:00,320.723,436,320,49.9830,0.6675,0.7817,0.5471,0.54290,0.34680,50.0150,49.9938,50.0037,43.035,2.047,43.279,38.880,48.582,0.32240,0.26000,0.41420,0.7785,0.13830,0.15670,0.20900,0.6615,0,0,1,147
2026-07-07T12:28:43.101+00:00,321.684,437,321,49.9850,0.6756,0.7870,0.5347,0.53810,0.34710,50.0013,50.0037,50.0000,43.408,1.628,43.993,38.826,38.718,0.31830,0.25610,0.40850,0.7791,0.16320,0.13080,0.20920,0.7802,0,0,1,147
2026-07-07T12:28:44.061+00:00,322.643,438,322,49.9880,0.6600,0.7800,0.5401,0.54170,0.34640,49.9987,50.0025,49.9913,41.327,1.838,43.872,38.970,48.528,0.32180,0.26030,0.41390,0.7775,0.13870,0.15690,0.20940,0.6623,0,0,1,147
2026-07-07T12:28:45.021+00:00,323.604,439,323,49.9900,0.6799,0.7856,0.5363,0.53790,0.34730,50.0000,50.0025,50.0025,43.601,1.598,43.987,38.826,38.736,0.31890,0.25660,0.40930,0.7791,0.16250,0.13030,0.20830,0.7800,0,0,1,147
2026-07-07T12:28:45.980+00:00,324.563,440,324,49.9920,0.6620,0.7793,0.5354,0.54150,0.34600,50.0000,50.0013,49.9950,41.137,1.864,43.997,39.060,48.510,0.32170,0.26110,0.41430,0.7765,0.13880,0.15700,0.20960,0.6625,0,0,1,147
2026-07-07T12:28:46.942+00:00,325.525,441,325,49.9940,0.6795,0.7860,0.5399,0.53780,0.34670,49.9938,50.0100,50.0050,44.657,1.777,43.756,38.790,38.880,0.31930,0.25670,0.40970,0.7794,0.16000,0.12900,0.20550,0.7785,0,0,1,147
2026-07-07T12:28:47.901+00:00,326.484,442,326,49.9970,0.6636,0.7800,0.5390,0.54370,0.34580,50.0138,49.9925,49.9938,41.231,1.880,44.004,39.042,48.528,0.32140,0.26070,0.41390,0.7767,0.13840,0.15660,0.20900,0.6623,0,0,1,147
2026-07-07T12:28:48.862+00:00,327.445,443,327,50.0010,0.6786,0.7857,0.5389,0.53850,0.34670,49.9913,50.0000,49.9938,44.045,1.622,44.049,38.826,38.736,0.31840,0.25620,0.40870,0.7791,0.16140,0.12950,0.20690,0.7800,0,0,1,147
2026-07-07T12:28:49.822+00:00,328.405,444,328,50.0060,0.6588,0.7812,0.5394,0.54180,0.34570,49.9863,50.0000,49.9987,41.066,2.021,42.984,39.024,48.510,0.32140,0.26050,0.41370,0.7769,0.13860,0.15670,0.20920,0.6625,0,0,1,147
2026-07-07T12:28:50.782+00:00,329.365,445,329,50.0100,0.6755,0.7863,0.5427,0.53850,0.34600,99.9950,50.0000,50.0000,44.814,2.112,43.859,38.826,39.042,0.31980,0.25740,0.41050,0.7791,0.15750,0.12770,0.20280,0.7767,1,0,1,147
2026-07-07T12:28:51.742+00:00,330.325,446,330,50.0120,0.6513,0.7803,0.5337,0.54140,0.34440,49.9913,50.0000,49.9987,41.235,1.821,43.713,39.060,48.510,0.32150,0.26090,0.41410,0.7765,0.13830,0.15640,0.20880,0.6625,0,0,1,147
2026-07-07T12:28:52.702+00:00,331.285,447,331,50.0140,0.6744,0.7859,0.5369,0.53820,0.34570,49.9925,50.0163,49.9938,44.974,2.041,43.995,38.808,39.042,0.31990,0.25730,0.41050,0.7793,0.15810,0.12820,0.20360,0.7767,0,0,1,147
2026-07-07T12:28:53.662+00:00,332.245,448,332,50.0100,0.6554,0.7813,0.5197,0.54130,0.34370,49.9925,49.9925,49.9950,42.526,1.383,43.028,48.726,38.826,0.26900,0.30640,0.40770,0.6597,0.16490,0.13270,0.21170,0.7791,0,0,1,147
2026-07-07T12:28:54.623+00:00,333.206,449,333,50.0160,0.6653,0.7917,0.5471,0.54430,0.34320,99.9600,49.9963,50.0025,43.121,1.945,44.294,38.754,38.916,0.32270,0.25900,0.41370,0.7798,0.15950,0.12880,0.20500,0.7781,1,0,1,147
2026-07-07T12:28:55.583+00:00,334.166,450,334,50.0190,0.6673,0.7850,0.5274,0.54050,0.34400,49.9975,49.9975,49.9963,44.496,1.952,43.792,38.844,38.736,0.31790,0.25600,0.40820,0.7789,0.16210,0.13000,0.20780,0.7800,0,0,1,147
2026-07-07T12:28:56.543+00:00,335.126,451,335,50.0220,0.6597,0.7827,0.5377,0.54290,0.34350,100.0050,49.9888,49.9975,41.681,1.835,43.990,39.060,48.528,0.32150,0.26090,0.41400,0.7765,0.13770,0.15580,0.20790,0.6623,1,0,1,147
2026-07-07T12:28:57.503+00:00,336.086,452,336,50.0220,0.6733,0.7860,0.5360,0.53780,0.34490,100.0000,50.0088,49.9925,43.708,2.341,45.653,38.772,39.078,0.32050,0.25740,0.41100,0.7796,0.15710,0.12760,0.20240,0.7763,1,0,1,147
2026-07-07T12:28:58.463+00:00,337.046,453,336,50.0220,0.6601,0.7823,0.5212,0.54020,0.34330,49.9938,49.9963,49.9987,44.647,1.902,42.632,38.754,38.826,0.31820,0.25540,0.40800,0.7798,0.16290,0.13110,0.20910,0.7791,0,0,1,147
2026-07-07T12:28:59.423+00:00,338.006,454,337,50.0240,0.6608,0.7851,0.5420,0.54380,0.34330,100.0050,49.9938,49.9925,42.294,2.274,44.568,39.060,48.474,0.32160,0.26100,0.41420,0.7765,0.13730,0.15500,0.20710,0.6630,1,0,1,147
2026-07-07T12:29:00.384+00:00,338.967,455,338,50.0240,0.6767,0.7851,0.5363,0.53840,0.34470,49.9975,50.0075,49.9938,45.301,1.806,43.930,38.790,39.060,0.31920,0.25650,0.40950,0.7794,0.15630,0.12690,0.20140,0.7765,0,0,1,147
2026-07-07T12:29:01.344+00:00,339.927,456,339,50.0270,0.6562,0.7803,0.5332,0.54280,0.34360,49.9963,50.0050,49.9963,43.081,1.847,42.640,39.042,48.510,0.32160,0.26080,0.41410,0.7767,0.13790,0.15600,0.20820,0.6625,0,0,1,147
2026-07-07T12:29:02.303+00:00,340.886,457,340,50.0310,0.6769,0.7866,0.5423,0.53860,0.34490,99.9550,50.0050,49.9875,43.505,2.135,44.507,38.736,39.024,0.32060,0.25720,0.41100,0.7800,0.15790,0.12800,0.20330,0.7769,1,0,1,147
2026-07-07T12:29:03.264+00:00,341.847,458,341,50.0340,0.6642,0.7835,0.5246,0.54030,0.34340,49.9987,50.0013,49.9975,44.786,1.939,43.870,38.826,38.718,0.31810,0.25600,0.40830,0.7791,0.16220,0.13000,0.20790,0.7802,0,0,1,147
2026-07-07T12:29:04.225+00:00,342.808,459,342,50.0360,0.6614,0.7861,0.5378,0.54270,0.34340,93.4012,49.9975,50.0037,42.094,2.276,44.724,39.060,48.510,0.32160,0.26100,0.41420,0.7765,0.13790,0.15600,0.20820,0.6625,1,0,1,147
2026-07-07T12:29:05.184+00:00,343.767,460,343,50.0400,0.6748,0.7843,0.5367,0.53920,0.34490,91.1286,50.0238,49.9850,43.614,1.956,45.556,38.736,39.078,0.32020,0.25690,0.41050,0.7800,0.15740,0.12780,0.20280,0.7763,1,0,1,147
2026-07-07T12:29:06.145+00:00,344.728,461,344,50.0430,0.6621,0.7819,0.5232,0.54090,0.34350,50.0025,49.9975,50.0063,42.926,1.304,42.454,48.564,38.790,0.27000,0.30580,0.40790,0.6618,0.16380,0.13160,0.21010,0.7794,0,0,1,147
2026-07-07T12:29:07.105+00:00,345.688,462,345,50.0440,0.6649,0.7914,0.5448,0.54340,0.34310,99.9800,49.9925,49.9875,42.206,2.262,44.915,39.060,48.510,0.32150,0.26090,0.41410,0.7765,0.13750,0.15540,0.20750,0.6625,1,0,1,147
2026-07-07T12:29:08.065+00:00,346.648,463,346,50.0480,0.6736,0.7862,0.5350,0.54020,0.34410,49.9987,50.0013,50.0013,45.267,1.946,44.286,38.826,38.916,0.31880,0.25660,0.40920,0.7791,0.15810,0.12760,0.20320,0.7781,0,0,1,147
2026-07-07T12:29:09.025+00:00,347.608,464,347,50.0480,0.6611,0.7886,0.5381,0.54430,0.34290,100.0050,49.9875,49.9987,41.908,2.212,44.041,39.060,48.510,0.32140,0.26090,0.41400,0.7765,0.13690,0.15480,0.20670,0.6625,1,0,1,147
2026-07-07T12:29:09.985+00:00,348.568,465,348,50.0490,0.6761,0.7833,0.5357,0.54020,0.34390,49.9938,50.0000,49.9950,45.363,1.892,43.804,38.808,38.952,0.31850,0.25610,0.40870,0.7793,0.15740,0.12720,0.20240,0.7777,0,0,1,147
2026-07-07T12:29:10.946+00:00,349.529,466,349,50.0520,0.6542,0.7890,0.5375,0.54380,0.34310,100.0250,49.9975,49.9987,41.901,2.214,43.938,39.042,48.564,0.32170,0.26090,0.41420,0.7767,0.13700,0.15520,0.20700,0.6618,1,0,1,147
2026-07-07T12:29:11.905+00:00,350.488,467,350,50.0540,0.6720,0.7858,0.5349,0.53940,0.34370,49.9975,50.0013,49.9900,44.347,1.987,38.735,38.808,39.060,0.32730,0.26320,0.42000,0.7793,0.18710,0.15180,0.24090,0.7765,0,0,1,147
2026-07-07T12:29:12.865+00:00,351.448,468,351,50.0560,0.7201,0.7623,0.5907,0.52920,0.40040,50.0100,50.0075,49.9775,25.522,2.254,23.973,38.754,48.492,0.34020,0.27310,0.43630,0.7798,0.22790,0.25750,0.34390,0.6627,0,0,1,147
2026-07-07T12:29:13.825+00:00,352.408,469,352,50.0570,0.8651,0.7425,0.7025,0.52300,0.47690,50.0175,49.9975,50.0050,15.186,2.340,13.034,38.736,38.718,0.34220,0.27450,0.43870,0.7800,0.33680,0.27000,0.43170,0.7802,0,0,1,147
2026-07-07T12:29:14.785+00:00,353.367,470,353,50.0600,0.9724,0.7460,0.7869,0.53540,0.53450,50.0025,50.0125,49.9987,9.047,2.679,9.146,39.078,48.528,0.32780,0.26620,0.42230,0.7763,0.31250,0.35350,0.47180,0.6623,0,0,1,147
2026-07-07T12:29:15.745+00:00,354.328,471,354,50.0630,0.9882,0.7785,0.8005,0.55600,0.53770,49.9900,49.9975,49.9913,10.507,1.801,13.357,38.826,38.898,0.31290,0.25180,0.40170,0.7791,0.30590,0.24680,0.39300,0.7783,0,0,1,147
2026-07-07T12:29:16.704+00:00,355.287,472,355,50.0680,0.8676,0.7958,0.7197,0.56130,0.48300,50.0050,49.9975,50.0125,22.256,2.016,24.056,38.808,58.410,0.31230,0.25120,0.40080,0.7793,0.15190,0.24690,0.28990,0.5238,0,0,1,147
2026-07-07T12:29:17.664+00:00,356.246,473,356,50.0740,0.7275,0.7936,0.6307,0.54680,0.41420,50.0100,50.0000,50.0088,34.886,2.776,40.161,38.880,67.860,0.32260,0.26010,0.41440,0.7785,0.07380,0.18140,0.19590,0.3769,0,0,1,147
2026-07-07T12:29:18.607+00:00,357.190,474,357,50.0800,0.6153,0.7688,0.5226,0.52820,0.33290,97.3141,50.0313,49.9950,55.746,2.549,59.459,48.762,29.610,0.28270,0.32250,0.42880,0.6592,0.11140,0.06330,0.12820,0.8694,1,0,1,147
2026-07-07T12:29:19.566+00:00,358.149,475,358,50.0850,0.5315,0.7540,0.4362,0.52180,0.26620,114.9293,50.0075,49.9950,73.001,2.333,78.941,38.826,29.088,0.32590,0.26230,0.41830,0.7791,0.09790,0.05450,0.11210,0.8739,1,1,1,147
2026-07-07T12:29:20.527+00:00,359.110,476,359,50.0890,0.5200,0.7805,0.4257,0.55520,0.24380,129.2658,50.0025,50.0075,72.098,2.506,71.210,38.736,38.754,0.31150,0.24990,0.39940,0.7800,0.10720,0.08610,0.13750,0.7798,1,1,1,147
2026-07-07T12:29:21.487+00:00,360.070,477,359,50.0890,0.5544,0.8006,0.4563,0.55860,0.28860,100.3462,50.0000,49.9913,51.979,2.076,45.333,39.078,48.528,0.32130,0.26090,0.41380,0.7763,0.13960,0.15800,0.21080,0.6623,1,1,1,147
