replay_idx,f_target_hz,f_v1,f_v2,f_hybrid,rocof_hz_s,mode
0,50.045,50.0516,50.0075,50.0075,0.07500000000000284,0
1,50.042,50.0531,49.995,49.995,-0.12500000000002842,0
2,50.04,50.0586,49.9975,49.9975,0.025000000000048317,0
3,50.038,50.0566,49.9975,49.9975,0.0,0
4,50.035,50.0576,49.9925,49.9925,-0.05000000000002558,0
5,50.033,49.7839,50.005,50.005,0.12500000000002842,0
6,50.032,50.0591,49.9975,49.9975,-0.07500000000000284,0
7,50.035,50.0576,49.995,49.995,-0.025000000000048317,0
8,50.034,50.0596,49.9975,49.9975,0.025000000000048317,0
9,50.035,50.0531,50.005,50.005,0.07500000000000284,0
10,50.034,49.7894,50.0025,50.0025,-0.025000000000048317,0
11,50.035,50.0591,50.0,50.0,-0.024999999999977263,0
12,50.036,50.0556,49.995,49.995,-0.05000000000002558,0
13,50.034,50.0571,49.9925,49.9925,-0.024999999999977263,0
14,50.029,50.0571,49.9925,49.9925,0.0,0
15,50.027,50.0526,50.0,50.0,0.07500000000000284,0
16,50.025,49.7874,49.995,49.995,-0.05000000000002558,0
17,50.025,50.0596,49.995,49.995,0.0,0
18,50.026,50.0571,49.99,49.99,-0.049999999999954525,0
19,50.025,50.0566,49.9925,49.9925,0.024999999999977263,0
20,50.022,50.0561,49.9925,49.9925,0.0,0
21,50.02,50.0596,49.995,49.995,0.024999999999977263,0
22,50.016,50.0531,50.005,50.005,0.10000000000005116,0
23,50.012,49.7929,49.995,49.995,-0.10000000000005116,0
24,50.007,50.0551,50.0025,50.0025,0.07500000000000284,0
25,50.003,50.0541,49.9925,49.9925,-0.0999999999999801,0
26,49.999,50.0521,49.995,49.995,0.024999999999977263,0
27,49.997,50.049,49.9925,49.9925,-0.024999999999977263,0
28,49.995,50.0596,49.9875,49.9875,-0.05000000000002558,0
29,49.997,50.0531,49.9925,49.9925,0.05000000000002558,0
30,49.999,49.7909,49.9975,49.9975,0.05000000000002558,0
31,50.005,50.0581,50.0,50.0,0.024999999999977263,0
32,50.009,50.0551,50.0,50.0,0.0,0
33,50.012,50.0551,50.0025,50.0025,0.024999999999977263,0
34,50.014,50.0566,49.995,49.995,-0.07500000000000284,0
35,50.015,50.0571,50.0,50.0,0.05000000000002558,0
36,50.017,50.0626,50.0025,50.0025,0.024999999999977263,0
37,50.019,50.0526,49.985,49.985,-0.17499999999998295,0
38,50.015,50.0591,49.9975,49.9975,0.12500000000002842,0
39,50.01,50.0521,49.9875,49.9875,-0.10000000000005116,0
40,50.008,50.0591,49.995,49.995,0.07500000000000284,0
41,50.006,50.0571,49.995,49.995,0.0,0
42,50.004,50.0551,49.975,49.975,-0.1999999999999602,0
43,49.999,50.0581,49.9975,49.9975,0.22500000000000853,0
44,49.995,50.0561,50.0025,50.0025,0.049999999999954525,0
45,49.921,50.0571,50.0,50.0,-0.024999999999977263,0
46,49.77,50.0496,49.98,49.98,-0.20000000000003126,0
47,49.633,50.0576,49.9775,49.9775,-0.024999999999977263,0
48,49.537,49.7909,50.0,50.0,0.22500000000000853,0
49,49.468,49.7222,49.7463,49.7222,-2.5370000000000203,1
50,49.428,49.5216,49.985,49.5216,-2.0060000000000144,1
51,49.372,49.3894,49.7339,49.3894,-1.3219999999999743,1
52,49.331,49.2591,49.5786,49.2591,-1.3030000000000541,1
53,49.294,49.2606,49.3328,49.2606,0.015000000000000568,1
54,49.272,49.3906,49.3243,49.3906,1.3000000000000256,1
55,49.274,49.0647,48.9309,49.0647,-3.258999999999972,1
56,49.225,49.2562,49.2975,49.2562,1.9149999999999778,1
57,49.205,49.0635,49.2951,49.0635,-1.927000000000021,1
58,49.197,49.0629,48.9045,49.0629,-0.0059999999999860165,1
59,49.173,49.0623,48.6879,49.0623,-0.0059999999999860165,1
60,49.151,48.998,49.3157,48.998,-0.6430000000000291,1
61,49.136,49.0611,49.3401,49.0611,0.6310000000000571,1
62,49.131,49.0647,48.676,49.0647,0.03599999999998715,1
63,49.126,49.0653,49.1219,49.0653,0.0059999999999860165,1
64,49.141,49.0629,48.9476,49.0629,-0.02400000000001512,1
65,49.141,49.0617,48.6902,49.0617,-0.011999999999972033,1
66,49.085,48.9985,49.3547,48.9985,-0.6320000000000192,1
67,49.107,49.0623,49.3303,49.0623,0.6380000000000052,1
68,49.117,49.3931,48.6902,49.3931,3.3079999999999643,1
69,49.12,49.0665,49.0942,49.0665,-3.265999999999991,1
70,49.083,49.0629,48.6973,49.0629,-0.03599999999998715,1
71,49.128,49.0641,48.6855,49.0641,0.012000000000043087,1
72,49.105,49.2596,49.215,49.2596,1.9549999999999557,1
73,49.1,49.0611,49.334,49.0611,-1.9849999999999568,1
74,49.152,49.0641,48.7068,49.0641,0.030000000000001137,1
75,49.136,49.0641,49.0629,49.0641,0.0,1
76,49.113,48.997,48.9321,48.997,-0.6710000000000349,1
77,49.133,48.998,48.6879,48.998,0.009999999999976694,1
78,49.15,49.0629,49.3133,49.0629,0.6490000000000151,1
79,49.16,49.3931,48.6879,49.3931,3.3019999999999783,1
80,49.168,49.0665,48.9764,49.0665,-3.265999999999991,1
81,49.173,49.3882,48.9812,49.3882,3.2169999999999987,1
82,49.182,49.39,49.1039,49.39,0.018000000000029104,1
83,49.228,49.3852,48.9416,49.3852,-0.04800000000003024,1
84,49.223,49.0653,48.9333,49.0653,-3.1989999999999696,1
85,49.231,49.0629,48.6784,49.0629,-0.02400000000001512,1
86,49.234,49.0635,49.1739,49.0635,0.0059999999999860165,1
87,49.217,49.0587,49.3316,49.0587,-0.047999999999959186,1
88,49.268,49.0623,49.3194,49.0623,0.03599999999998715,1
89,49.225,49.0593,49.0124,49.0593,-0.030000000000001137,1
90,49.238,49.2606,49.2441,49.2606,2.0129999999999626,1
91,49.235,49.3913,48.8138,49.3913,1.3070000000000448,1
92,49.214,49.0665,48.9345,49.0665,-3.248000000000033,1
93,49.264,49.2591,49.2708,49.2591,1.9259999999999877,1
94,49.2,49.0605,49.3376,49.0605,-1.98599999999999,1
95,49.258,49.3852,49.5688,49.3852,3.247,1
96,49.211,48.9913,49.2465,48.9913,-3.9389999999999503,1
97,49.192,49.2557,49.04,49.2557,2.6439999999999486,1
98,49.245,49.3876,48.6926,49.3876,1.3190000000000168,1
99,49.208,49.3876,49.0052,49.3876,0.0,1
100,49.188,49.2587,48.6926,49.2587,-1.2890000000000157,1
101,49.171,49.3919,49.3352,49.3919,1.332000000000022,1
102,49.192,49.3937,49.034,49.3937,0.018000000000029104,1
103,49.17,49.0581,49.0449,49.0581,-3.3559999999999945,1
104,49.121,49.3919,49.2781,49.3919,3.3379999999999654,1
105,49.093,49.0623,48.8162,49.0623,-3.2959999999999923,1
106,49.072,49.0665,48.6831,49.0665,0.04199999999997317,1
107,49.09,49.0659,49.0966,49.0659,-0.0059999999999860165,1
108,49.051,49.0617,48.6926,49.0617,-0.04199999999997317,1
109,49.009,49.0647,48.938,49.0647,0.030000000000001137,1
110,49.005,48.7341,48.7045,48.7341,-3.30600000000004,1
111,49.0,48.998,48.6902,48.998,2.638999999999996,1
112,48.983,49.0617,48.7116,49.0617,0.6370000000000431,1
113,48.943,49.0623,48.7543,49.0623,0.0059999999999860165,1
114,48.964,49.0659,48.6748,49.0659,0.03599999999998715,1
115,48.912,49.0635,48.6808,49.0635,-0.02400000000001512,1
116,48.892,49.0653,48.7033,49.0653,0.018000000000029104,1
117,48.868,48.7401,48.6926,48.7401,-3.2520000000000238,1
118,48.842,49.0593,48.8544,49.0593,3.1920000000000215,1
119,48.815,49.0617,48.6855,49.0617,0.02400000000001512,1
120,48.787,48.9942,48.6808,48.9942,-0.6750000000000256,1
121,48.821,48.9946,48.8329,48.9946,0.003999999999990678,1
122,48.837,48.7419,48.6772,48.7419,-2.5269999999999726,1
123,48.853,48.7413,48.6808,48.7413,-0.0059999999999860165,1
124,48.868,48.7448,48.6997,48.7448,0.03499999999995396,1
125,48.877,48.7377,48.6831,48.7377,-0.07100000000001216,1
126,48.897,48.7419,48.6831,48.7419,0.042000000000044224,1
127,48.87,49.0665,48.6808,49.0665,3.2459999999999667,1
128,48.919,48.7389,48.6926,48.7389,-3.275999999999968,1
129,48.932,49.0629,48.695,49.0629,3.2399999999999807,1
130,48.922,49.0599,48.6855,49.0599,-0.030000000000001137,1
131,48.941,48.7341,48.6855,48.7341,-3.2580000000000098,1
132,48.905,48.9956,48.6997,48.9956,2.6150000000000517,1
133,48.915,48.9975,48.7045,48.9975,0.018999999999991246,1
134,48.928,48.9994,48.6879,48.9994,0.018999999999991246,1
135,48.886,48.9994,48.6808,48.9994,0.0,1
136,48.919,48.7377,48.7436,48.7377,-2.617000000000047,1
137,48.902,48.9961,48.6973,48.9961,2.5840000000000174,1
138,48.924,48.9999,48.689,48.9999,0.03799999999998249,1
139,48.93,48.7391,48.815,48.7391,-2.6079999999999615,1
140,48.944,49.0018,48.6831,49.0018,2.6270000000000238,1
141,48.928,48.7405,48.6843,48.7405,-2.6130000000000564,1
142,48.964,48.9975,48.8854,48.9975,2.57000000000005,1
143,48.94,48.9951,48.6914,48.9951,-0.02400000000001512,1
144,48.973,48.9946,48.6808,48.9946,-0.005000000000023874,1
145,49.001,49.0018,48.7841,49.0018,0.07200000000004536,1
146,49.019,48.999,48.8962,48.999,-0.028000000000005798,1
147,49.026,48.9951,48.695,48.9951,-0.03900000000001569,1
148,49.026,49.0617,48.6808,49.0617,0.666000000000011,1
149,49.02,49.0623,49.0629,49.0623,0.0059999999999860165,1
150,49.009,49.0611,48.6879,49.0611,-0.011999999999972033,1
151,49.005,49.0599,48.8878,49.0599,-0.012000000000043087,1
152,49.023,49.0641,48.689,49.0641,0.042000000000044224,1
153,49.056,49.0623,48.6902,49.0623,-0.018000000000029104,1
154,49.083,49.0593,48.895,49.0593,-0.030000000000001137,1
155,49.08,49.0629,48.7009,49.0629,0.03599999999998715,1
156,49.06,49.3913,48.6784,49.3913,3.2840000000000202,1
157,49.055,49.2625,48.9045,49.2625,-1.2879999999999825,1
158,49.107,48.9994,48.9968,48.9994,-2.6310000000000144,1
159,49.057,49.0569,48.6831,49.0569,0.5749999999999744,1
160,49.108,49.0635,49.1087,49.0635,0.06599999999998829,1
161,49.067,48.7413,48.6902,48.7413,-3.2219999999999516,1
162,49.114,49.0635,48.6938,49.0635,3.2219999999999516,1
163,49.069,49.0623,48.8579,49.0623,-0.011999999999972033,1
164,49.132,49.3894,48.7045,49.3894,3.271000000000015,1
165,49.087,48.9985,48.7936,48.9985,-3.9090000000000202,1
166,49.114,49.0563,48.7199,49.0563,0.578000000000003,1
167,49.105,49.0599,49.1932,49.0599,0.03599999999998715,1
168,49.142,49.0653,49.3145,49.0653,0.05400000000001626,1
169,49.184,49.0605,48.8556,49.0605,-0.04800000000003024,1
170,49.203,49.3894,48.7793,49.3894,3.289000000000044,1
171,49.216,49.2587,48.9141,49.2587,-1.3070000000000448,1
172,49.204,49.0677,48.6997,49.0677,-1.909999999999954,1
173,49.207,49.0653,49.323,49.0653,-0.02400000000001512,1
174,49.25,49.39,49.1618,49.39,3.247,1
175,49.256,48.9994,48.9141,48.9994,-3.9059999999999917,1
176,49.317,49.0653,48.6879,49.0653,0.6589999999999918,1
177,49.299,49.0599,49.323,49.0599,-0.05400000000001626,1
178,49.307,49.2548,49.3279,49.2548,1.9490000000000407,1
179,49.367,49.3913,49.3024,49.3913,1.3649999999999807,1
180,49.369,49.3955,49.5761,49.3955,0.04199999999997317,1
181,49.367,49.7178,49.5442,49.7178,3.2229999999999848,1
182,49.417,49.2582,49.586,49.2582,-4.595999999999947,1
183,49.417,49.3919,49.3194,49.3919,1.3369999999999749,1
184,49.443,49.3894,49.6389,49.3894,-0.024999999999977263,1
185,49.441,49.3925,49.5565,49.3925,0.03099999999996328,1
186,49.455,49.3937,49.5393,49.3937,0.012000000000043087,1
187,49.467,49.5162,49.5466,49.5162,1.2249999999999517,1
188,49.48,49.3931,49.4878,49.3931,-1.2310000000000088,1
189,49.487,49.5187,49.9426,49.5187,1.256000000000057,1
190,49.496,49.3876,49.6549,49.3876,-1.3110000000000355,1
191,49.502,49.5211,49.3998,49.5211,1.3349999999999795,1
192,49.505,49.3913,49.6598,49.3913,-1.2979999999999592,1
193,49.509,49.2596,49.965,49.2596,-1.3170000000000215,1
194,49.514,49.3894,49.5663,49.3894,1.2980000000000302,1
195,49.518,49.7172,49.3449,49.7172,3.277999999999963,1
196,49.525,49.3864,49.8753,49.3864,-3.3079999999999643,1
197,49.528,49.7216,49.9151,49.7216,3.352000000000004,1
198,49.542,49.3931,49.5688,49.3931,-3.2850000000000534,1
199,49.535,49.3919,49.7216,49.3919,-0.011999999999972033,1
200,49.544,49.3894,49.9276,49.3894,-0.024999999999977263,1
201,49.554,49.5231,49.7562,49.5231,1.3369999999999749,1
202,49.549,49.7216,49.8182,49.7216,1.9850000000000279,1
203,49.561,49.5201,49.99,49.5201,-2.015000000000029,1
204,49.569,49.3925,49.6352,49.3925,-1.2760000000000105,1
205,49.583,49.5226,49.9825,49.5226,1.3009999999999877,1
206,49.601,49.3894,49.6993,49.3894,-1.331999999999951,1
207,49.617,49.3919,49.8529,49.3919,0.024999999999977263,1
208,49.632,49.7934,49.9675,49.7934,4.014999999999986,1
209,49.643,49.7234,49.7884,49.7234,-0.7000000000000028,1
210,49.651,49.7141,49.5896,49.7141,-0.09299999999996089,1
211,49.658,49.7839,49.97,49.7839,0.6980000000000075,1
212,49.661,49.7185,49.985,49.7185,-0.654000000000039,1
213,49.663,49.782,49.99,49.782,0.6349999999999767,1
214,49.664,49.7914,49.9875,49.7914,0.09400000000006514,1
215,49.666,49.7203,49.9925,49.7203,-0.7110000000000127,1
216,49.667,49.7185,49.9675,49.7185,-0.018000000000029104,1
217,49.668,49.7844,49.985,49.7844,0.6589999999999918,1
218,49.669,49.7216,49.8753,49.7216,-0.6279999999999575,1
219,49.67,49.7894,49.9775,49.7894,0.6779999999999831,1
220,49.669,49.7904,49.96,49.7904,0.009999999999976694,1
221,49.67,49.7209,49.7785,49.7209,-0.694999999999979,1
222,49.672,49.7222,49.7834,49.7222,0.01300000000000523,1
223,49.676,49.7854,49.9825,49.7854,0.6320000000000192,1
224,49.679,49.7166,49.9863,49.7166,-0.6880000000000308,1
225,49.684,49.7228,49.965,49.7228,0.06199999999999761,1
226,49.689,49.7914,49.9501,49.7914,0.6860000000000355,1
227,49.696,49.5211,49.9725,49.5211,-2.70300000000006,1
228,49.704,49.7296,49.99,49.7296,2.085000000000008,1
229,49.709,49.7197,49.9613,49.7197,-0.09899999999994691,1
230,49.712,49.7874,49.995,49.7874,0.6769999999999499,1
231,49.712,49.7197,49.9775,49.7197,-0.6769999999999499,1
232,49.71,49.729,49.965,49.729,0.09299999999996089,1
233,49.709,49.7864,49.9725,49.7864,0.5740000000000123,1
234,49.71,49.7869,49.9875,49.7869,0.005000000000023874,1
235,49.708,49.3882,49.7686,49.3882,-3.9870000000000516,1
236,49.71,49.716,49.97,49.716,3.278000000000034,1
237,49.712,49.7209,49.9713,49.7209,0.04899999999999238,1
238,49.712,49.7234,49.9102,49.7234,0.024999999999977263,1
239,49.718,49.7874,49.9575,49.7874,0.6400000000000006,1
240,49.724,49.5226,49.96,49.5226,-2.6480000000000103,1
241,49.727,49.724,49.9501,49.724,2.013999999999996,1
242,49.729,49.7197,49.985,49.7197,-0.04299999999993531,1
243,49.731,49.7859,49.9875,49.7859,0.6619999999999493,1
244,49.733,49.716,49.9501,49.716,-0.6989999999999696,1
245,49.734,49.7191,49.97,49.7191,0.03099999999996328,1
246,49.733,49.7889,49.9675,49.7889,0.6980000000000075,1
247,49.729,49.7849,49.99,49.7849,-0.03999999999997783,1
248,49.726,49.7253,49.776,49.7253,-0.5960000000000321,1
249,49.724,49.7234,49.99,49.7234,-0.018999999999991246,1
250,49.723,49.5221,49.9875,49.5221,-2.0129999999999626,1
251,49.725,49.7203,49.9825,49.7203,1.9819999999999993,1
252,49.729,49.729,49.7438,49.729,0.08699999999997488,1
253,49.734,49.39,49.9625,49.39,-3.3899999999999864,1
254,49.74,49.7869,49.9875,49.7869,3.9690000000000225,1
255,49.743,49.7209,49.975,49.7209,-0.660000000000025,1
256,49.748,49.7216,49.965,49.7216,0.007000000000019213,1
257,49.763,49.7864,49.9675,49.7864,0.6479999999999819,1
258,49.763,49.7203,49.985,49.7203,-0.6609999999999872,1
259,49.76,49.724,49.995,49.724,0.036999999999949296,1
260,49.763,49.7884,49.98,49.7884,0.6440000000000623,1
261,49.76,49.7894,49.9925,49.7894,0.009999999999976694,1
262,49.758,49.7854,49.9963,49.7854,-0.03999999999997783,1
263,49.758,49.7178,49.9825,49.7178,-0.6760000000000588,1
264,49.759,49.7203,49.8853,49.7203,0.025000000000048317,1
265,49.76,49.7844,49.9638,49.7844,0.6409999999999627,1
266,49.764,49.7869,49.9875,49.7869,0.025000000000048317,1
267,49.771,49.7899,49.98,49.7899,0.030000000000001137,1
268,49.776,50.0551,49.9875,50.0551,2.652000000000001,1
269,49.782,49.7216,49.99,49.7216,-3.335000000000008,1
270,49.791,49.7185,49.985,49.7185,-0.031000000000034333,1
271,49.798,49.7864,49.995,49.7864,0.6790000000000163,1
272,49.809,49.7849,49.9688,49.7849,-0.015000000000000568,1
273,49.817,49.7203,49.9875,49.7203,-0.6459999999999866,1
274,49.824,50.0557,49.9975,50.0557,3.353999999999999,1
275,49.828,49.7216,49.9975,49.7216,-3.340999999999994,1
276,49.832,49.7874,49.9875,49.7874,0.6579999999999586,1
277,49.836,49.7216,49.9513,49.7216,-0.6579999999999586,1
278,49.842,49.7185,49.975,49.7185,-0.031000000000034333,1
279,49.847,49.7166,49.9725,49.7166,-0.018999999999991246,1
280,49.852,49.7894,49.9975,49.7894,0.7280000000000086,1
281,49.86,49.7889,49.9875,49.7889,-0.005000000000023874,1
282,49.863,49.7869,49.9875,49.7869,-0.01999999999995339,1
283,49.875,50.0541,49.9913,50.0541,2.6719999999999544,1
284,49.885,49.7197,49.9825,49.7197,-3.3439999999999515,1
285,49.895,50.0594,49.9825,50.0594,3.3969999999999345,1
286,49.902,49.7296,49.99,49.7296,-3.2979999999999876,1
287,49.911,50.0519,49.9775,50.0519,3.223000000000056,1
288,49.92,49.7178,49.9875,49.7178,-3.341000000000065,1
289,49.929,49.7141,49.985,49.7141,-0.036999999999949296,1
290,49.937,49.7185,49.9775,49.7185,0.04399999999996851,1
291,49.945,50.0511,49.9825,50.0511,3.3259999999999934,1
292,49.952,49.7849,49.9987,49.7849,-2.6619999999999777,1
293,49.955,49.7929,49.9813,49.7929,0.08000000000002672,1
294,49.956,50.0611,49.9963,50.0611,2.682000000000002,1
295,49.957,50.0571,50.0037,50.0571,-0.040000000000048885,1
296,49.959,50.0531,50.0,50.0531,-0.03999999999997783,1
297,49.959,50.0556,49.9975,50.0556,0.024999999999977263,1
298,49.959,50.0556,50.0037,50.0556,0.0,1
299,49.959,50.0541,50.0,50.0,-0.015000000000000568,0
300,49.961,50.0591,49.9888,49.9888,-0.11200000000002319,0
301,49.959,50.0591,49.9938,49.9938,0.05000000000002558,0
302,49.958,50.0626,49.9975,49.9975,0.03700000000002035,0
303,49.958,50.0586,50.0075,50.0075,0.0999999999999801,0
304,49.957,50.0561,50.0025,50.0025,-0.05000000000002558,0
305,49.957,50.0541,50.0075,50.0075,0.05000000000002558,0
306,49.958,50.0521,49.995,49.995,-0.12500000000002842,0
307,49.952,50.0566,50.0,50.0,0.05000000000002558,0
308,49.959,50.0551,49.9913,49.9913,-0.08699999999997488,0
309,49.959,50.0541,49.9913,49.9913,0.0,0
310,49.961,49.7914,49.9987,49.9987,0.07399999999996965,0
311,49.962,49.7914,50.005,50.005,0.06300000000003081,0
312,49.963,50.0516,49.9987,49.9987,-0.06300000000003081,0
313,49.967,50.0516,49.9913,49.9913,-0.07399999999996965,0
314,49.971,50.0566,49.9938,49.9938,0.024999999999977263,0
315,49.973,50.0465,49.9925,49.9925,-0.01300000000000523,0
316,49.974,50.0536,49.995,49.995,0.024999999999977263,0
317,49.976,50.0601,49.9987,49.9987,0.03700000000002035,0
318,49.978,49.7894,49.9913,49.9913,-0.07399999999996965,0
319,49.98,49.7899,50.0013,50.0013,0.0999999999999801,0
320,49.983,49.7889,49.9925,49.9925,-0.08800000000000807,0
321,49.985,50.0505,50.0037,50.0037,0.11200000000002319,0
322,49.988,50.0531,49.9975,49.9975,-0.06199999999999761,0
323,49.99,50.0591,49.99,49.99,-0.07500000000000284,0
324,49.992,50.0536,49.9925,49.9925,0.024999999999977263,0
325,49.994,49.7854,49.995,49.995,0.024999999999977263,0
326,49.997,49.7869,49.9925,49.9925,-0.024999999999977263,0
327,50.001,49.7963,49.9975,49.9975,0.05000000000002558,0
328,50.006,49.7914,49.9913,49.9913,-0.06199999999999761,0
329,50.01,50.0601,49.9938,49.9938,0.024999999999977263,0
330,50.012,50.0566,49.9863,49.9863,-0.07500000000000284,0
331,50.014,50.0576,50.0,50.0,0.13700000000000045,0
332,50.01,50.0576,50.0,50.0,0.0,0
333,50.016,50.0571,49.9963,49.9963,-0.03700000000002035,0
334,50.019,50.0576,50.0025,50.0025,0.06199999999999761,0
335,50.022,50.0556,49.9963,49.9963,-0.06199999999999761,0
336,50.022,49.7849,49.9987,49.9987,0.02400000000001512,0
337,50.024,49.7849,49.985,49.985,-0.13700000000000045,0
338,50.024,49.7859,49.9963,49.9963,0.11299999999998533,0
339,50.027,49.7938,49.9913,49.9913,-0.049999999999954525,0
340,50.031,50.0631,49.9913,49.9913,0.0,0
341,50.034,50.0551,49.985,49.985,-0.06300000000003081,0
342,50.036,50.0566,50.0,50.0,0.15000000000000568,0
343,50.04,49.7844,50.005,50.005,0.05000000000002558,0
344,50.043,49.7869,49.9938,49.9938,-0.11200000000002319,0
345,50.044,49.7924,50.0025,50.0025,0.08699999999997488,0
346,50.048,50.0596,49.9888,49.9888,-0.13700000000000045,0
347,50.048,50.0505,49.995,49.995,0.06199999999999761,0
348,50.049,50.0566,49.9938,49.9938,-0.011999999999972033,0
349,50.052,50.0485,49.9963,49.9963,0.024999999999977263,0
350,50.054,49.7884,50.0,50.0,0.03700000000002035,0
351,50.056,50.0626,50.005,50.005,0.05000000000002558,0
352,50.057,50.0561,50.0025,50.0025,-0.025000000000048317,0
353,50.06,50.0546,49.9975,49.9975,-0.049999999999954525,0
354,50.063,50.0563,50.015,50.015,0.17499999999998295,0
355,50.068,50.0588,50.005,50.005,-0.0999999999999801,0
356,50.074,50.3937,50.015,50.015,0.0999999999999801,0
357,50.08,50.0544,50.163,50.0544,1.4799999999999613,1
358,50.085,50.3956,49.9975,50.3956,3.412000000000006,1
359,50.089,50.0551,50.01,50.0551,-3.404999999999987,1
