t_s,dtm,f_neso_Hz
0,2023-12-22 13:08:11,49.905
1,2023-12-22 13:08:12,49.907
2,2023-12-22 13:08:13,49.907
3,2023-12-22 13:08:14,49.905
4,2023-12-22 13:08:15,49.901
5,2023-12-22 13:08:16,49.900
6,2023-12-22 13:08:17,49.901
7,2023-12-22 13:08:18,49.903
8,2023-12-22 13:08:19,49.906
9,2023-12-22 13:08:20,49.912
10,2023-12-22 13:08:21,49.915
11,2023-12-22 13:08:22,49.916
12,2023-12-22 13:08:23,49.917
13,2023-12-22 13:08:24,49.919
14,2023-12-22 13:08:25,49.920
15,2023-12-22 13:08:26,49.918
16,2023-12-22 13:08:27,49.920
17,2023-12-22 13:08:28,49.920
18,2023-12-22 13:08:29,49.914
19,2023-12-22 13:08:30,49.910
20,2023-12-22 13:08:31,49.904
21,2023-12-22 13:08:32,49.901
22,2023-12-22 13:08:33,49.896
23,2023-12-22 13:08:34,49.897
24,2023-12-22 13:08:35,49.900
25,2023-12-22 13:08:36,49.905
26,2023-12-22 13:08:37,49.905
27,2023-12-22 13:08:38,49.906
28,2023-12-22 13:08:39,49.908
29,2023-12-22 13:08:40,49.912
30,2023-12-22 13:08:41,49.918
31,2023-12-22 13:08:42,49.917
32,2023-12-22 13:08:43,49.921
33,2023-12-22 13:08:44,49.922
34,2023-12-22 13:08:45,49.921
35,2023-12-22 13:08:46,49.917
36,2023-12-22 13:08:47,49.918
37,2023-12-22 13:08:48,49.920
38,2023-12-22 13:08:49,49.920
39,2023-12-22 13:08:50,49.926
40,2023-12-22 13:08:51,49.926
41,2023-12-22 13:08:52,49.923
42,2023-12-22 13:08:53,49.918
43,2023-12-22 13:08:54,49.916
44,2023-12-22 13:08:55,49.916
45,2023-12-22 13:08:56,49.914
46,2023-12-22 13:08:57,49.910
47,2023-12-22 13:08:58,49.908
48,2023-12-22 13:08:59,49.909
49,2023-12-22 13:09:00,49.908
50,2023-12-22 13:09:01,49.904
51,2023-12-22 13:09:02,49.903
52,2023-12-22 13:09:03,49.906
53,2023-12-22 13:09:04,49.904
54,2023-12-22 13:09:05,49.908
55,2023-12-22 13:09:06,49.908
56,2023-12-22 13:09:07,49.910
57,2023-12-22 13:09:08,49.911
58,2023-12-22 13:09:09,49.912
59,2023-12-22 13:09:10,49.911
60,2023-12-22 13:09:11,49.904
61,2023-12-22 13:09:12,49.897
62,2023-12-22 13:09:13,49.894
63,2023-12-22 13:09:14,49.895
64,2023-12-22 13:09:15,49.898
65,2023-12-22 13:09:16,49.899
66,2023-12-22 13:09:17,49.897
67,2023-12-22 13:09:18,49.893
68,2023-12-22 13:09:19,49.892
69,2023-12-22 13:09:20,49.891
70,2023-12-22 13:09:21,49.894
71,2023-12-22 13:09:22,49.896
72,2023-12-22 13:09:23,49.899
73,2023-12-22 13:09:24,49.894
74,2023-12-22 13:09:25,49.897
75,2023-12-22 13:09:26,49.901
76,2023-12-22 13:09:27,49.902
77,2023-12-22 13:09:28,49.899
78,2023-12-22 13:09:29,49.900
79,2023-12-22 13:09:30,49.900
80,2023-12-22 13:09:31,49.900
81,2023-12-22 13:09:32,49.898
82,2023-12-22 13:09:33,49.897
83,2023-12-22 13:09:34,49.900
84,2023-12-22 13:09:35,49.897
85,2023-12-22 13:09:36,49.895
86,2023-12-22 13:09:37,49.892
87,2023-12-22 13:09:38,49.892
88,2023-12-22 13:09:39,49.891
89,2023-12-22 13:09:40,49.890
90,2023-12-22 13:09:41,49.891
91,2023-12-22 13:09:42,49.889
92,2023-12-22 13:09:43,49.885
93,2023-12-22 13:09:44,49.881
94,2023-12-22 13:09:45,49.879
95,2023-12-22 13:09:46,49.881
96,2023-12-22 13:09:47,49.880
97,2023-12-22 13:09:48,49.879
98,2023-12-22 13:09:49,49.878
99,2023-12-22 13:09:50,49.879
100,2023-12-22 13:09:51,49.880
101,2023-12-22 13:09:52,49.826
102,2023-12-22 13:09:53,49.724
103,2023-12-22 13:09:54,49.665
104,2023-12-22 13:09:55,49.644
105,2023-12-22 13:09:56,49.647
106,2023-12-22 13:09:57,49.657
107,2023-12-22 13:09:58,49.664
108,2023-12-22 13:09:59,49.666
109,2023-12-22 13:10:00,49.615
110,2023-12-22 13:10:01,49.580
111,2023-12-22 13:10:02,49.564
112,2023-12-22 13:10:03,49.498
113,2023-12-22 13:10:04,49.440
114,2023-12-22 13:10:05,49.376
115,2023-12-22 13:10:06,49.333
116,2023-12-22 13:10:07,49.300
117,2023-12-22 13:10:08,49.287
118,2023-12-22 13:10:09,49.304
119,2023-12-22 13:10:10,49.278
120,2023-12-22 13:10:11,49.275
121,2023-12-22 13:10:12,49.291
122,2023-12-22 13:10:13,49.326
123,2023-12-22 13:10:14,49.301
124,2023-12-22 13:10:15,49.301
125,2023-12-22 13:10:16,49.327
126,2023-12-22 13:10:17,49.336
127,2023-12-22 13:10:18,49.363
128,2023-12-22 13:10:19,49.390
129,2023-12-22 13:10:20,49.437
130,2023-12-22 13:10:21,49.430
131,2023-12-22 13:10:22,49.460
132,2023-12-22 13:10:23,49.471
133,2023-12-22 13:10:24,49.479
134,2023-12-22 13:10:25,49.478
135,2023-12-22 13:10:26,49.472
136,2023-12-22 13:10:27,49.457
137,2023-12-22 13:10:28,49.465
138,2023-12-22 13:10:29,49.468
139,2023-12-22 13:10:30,49.470
140,2023-12-22 13:10:31,49.472
141,2023-12-22 13:10:32,49.471
142,2023-12-22 13:10:33,49.458
143,2023-12-22 13:10:34,49.461
144,2023-12-22 13:10:35,49.466
145,2023-12-22 13:10:36,49.463
146,2023-12-22 13:10:37,49.461
147,2023-12-22 13:10:38,49.436
148,2023-12-22 13:10:39,49.437
149,2023-12-22 13:10:40,49.439
150,2023-12-22 13:10:41,49.451
151,2023-12-22 13:10:42,49.440
152,2023-12-22 13:10:43,49.443
153,2023-12-22 13:10:44,49.449
154,2023-12-22 13:10:45,49.433
155,2023-12-22 13:10:46,49.433
156,2023-12-22 13:10:47,49.448
157,2023-12-22 13:10:48,49.435
158,2023-12-22 13:10:49,49.436
159,2023-12-22 13:10:50,49.443
160,2023-12-22 13:10:51,49.457
161,2023-12-22 13:10:52,49.426
162,2023-12-22 13:10:53,49.432
163,2023-12-22 13:10:54,49.425
164,2023-12-22 13:10:55,49.430
165,2023-12-22 13:10:56,49.443
166,2023-12-22 13:10:57,49.428
167,2023-12-22 13:10:58,49.444
168,2023-12-22 13:10:59,49.460
169,2023-12-22 13:11:00,49.466
170,2023-12-22 13:11:01,49.477
171,2023-12-22 13:11:02,49.494
172,2023-12-22 13:11:03,49.510
173,2023-12-22 13:11:04,49.515
174,2023-12-22 13:11:05,49.526
175,2023-12-22 13:11:06,49.545
176,2023-12-22 13:11:07,49.555
177,2023-12-22 13:11:08,49.547
178,2023-12-22 13:11:09,49.568
179,2023-12-22 13:11:10,49.576
180,2023-12-22 13:11:11,49.585
181,2023-12-22 13:11:12,49.593
182,2023-12-22 13:11:13,49.602
183,2023-12-22 13:11:14,49.611
184,2023-12-22 13:11:15,49.620
185,2023-12-22 13:11:16,49.627
186,2023-12-22 13:11:17,49.635
187,2023-12-22 13:11:18,49.641
188,2023-12-22 13:11:19,49.651
189,2023-12-22 13:11:20,49.660
190,2023-12-22 13:11:21,49.662
191,2023-12-22 13:11:22,49.667
192,2023-12-22 13:11:23,49.670
193,2023-12-22 13:11:24,49.672
194,2023-12-22 13:11:25,49.672
195,2023-12-22 13:11:26,49.670
196,2023-12-22 13:11:27,49.670
197,2023-12-22 13:11:28,49.669
198,2023-12-22 13:11:29,49.677
199,2023-12-22 13:11:30,49.682
200,2023-12-22 13:11:31,49.686
201,2023-12-22 13:11:32,49.684
202,2023-12-22 13:11:33,49.687
203,2023-12-22 13:11:34,49.693
204,2023-12-22 13:11:35,49.697
205,2023-12-22 13:11:36,49.704
206,2023-12-22 13:11:37,49.710
207,2023-12-22 13:11:38,49.709
208,2023-12-22 13:11:39,49.703
209,2023-12-22 13:11:40,49.701
210,2023-12-22 13:11:41,49.705
211,2023-12-22 13:11:42,49.711
212,2023-12-22 13:11:43,49.717
213,2023-12-22 13:11:44,49.720
214,2023-12-22 13:11:45,49.729
215,2023-12-22 13:11:46,49.732
216,2023-12-22 13:11:47,49.734
217,2023-12-22 13:11:48,49.736
218,2023-12-22 13:11:49,49.746
219,2023-12-22 13:11:50,49.751
220,2023-12-22 13:11:51,49.752
221,2023-12-22 13:11:52,49.753
222,2023-12-22 13:11:53,49.750
223,2023-12-22 13:11:54,49.749
224,2023-12-22 13:11:55,49.750
225,2023-12-22 13:11:56,49.754
226,2023-12-22 13:11:57,49.754
227,2023-12-22 13:11:58,49.748
228,2023-12-22 13:11:59,49.749
229,2023-12-22 13:12:00,49.753
230,2023-12-22 13:12:01,49.759
231,2023-12-22 13:12:02,49.759
232,2023-12-22 13:12:03,49.759
233,2023-12-22 13:12:04,49.763
234,2023-12-22 13:12:05,49.763
235,2023-12-22 13:12:06,49.766
236,2023-12-22 13:12:07,49.763
237,2023-12-22 13:12:08,49.756
238,2023-12-22 13:12:09,49.759
239,2023-12-22 13:12:10,49.762
240,2023-12-22 13:12:11,49.756
241,2023-12-22 13:12:12,49.758
242,2023-12-22 13:12:13,49.757
243,2023-12-22 13:12:14,49.755
244,2023-12-22 13:12:15,49.750
245,2023-12-22 13:12:16,49.749
246,2023-12-22 13:12:17,49.748
247,2023-12-22 13:12:18,49.750
248,2023-12-22 13:12:19,49.751
249,2023-12-22 13:12:20,49.756
250,2023-12-22 13:12:21,49.759
251,2023-12-22 13:12:22,49.764
252,2023-12-22 13:12:23,49.762
253,2023-12-22 13:12:24,49.764
254,2023-12-22 13:12:25,49.766
255,2023-12-22 13:12:26,49.767
256,2023-12-22 13:12:27,49.767
257,2023-12-22 13:12:28,49.773
258,2023-12-22 13:12:29,49.772
259,2023-12-22 13:12:30,49.772
260,2023-12-22 13:12:31,49.770
261,2023-12-22 13:12:32,49.769
262,2023-12-22 13:12:33,49.766
263,2023-12-22 13:12:34,49.764
264,2023-12-22 13:12:35,49.766
265,2023-12-22 13:12:36,49.763
266,2023-12-22 13:12:37,49.762
267,2023-12-22 13:12:38,49.765
268,2023-12-22 13:12:39,49.764
269,2023-12-22 13:12:40,49.764
270,2023-12-22 13:12:41,49.767
271,2023-12-22 13:12:42,49.768
272,2023-12-22 13:12:43,49.766
273,2023-12-22 13:12:44,49.763
274,2023-12-22 13:12:45,49.765
275,2023-12-22 13:12:46,49.764
276,2023-12-22 13:12:47,49.762
277,2023-12-22 13:12:48,49.766
278,2023-12-22 13:12:49,49.769
279,2023-12-22 13:12:50,49.768
280,2023-12-22 13:12:51,49.768
281,2023-12-22 13:12:52,49.771
282,2023-12-22 13:12:53,49.771
283,2023-12-22 13:12:54,49.767
284,2023-12-22 13:12:55,49.771
285,2023-12-22 13:12:56,49.771
286,2023-12-22 13:12:57,49.768
287,2023-12-22 13:12:58,49.766
288,2023-12-22 13:12:59,49.766
289,2023-12-22 13:13:00,49.766
290,2023-12-22 13:13:01,49.769
291,2023-12-22 13:13:02,49.769
292,2023-12-22 13:13:03,49.773
293,2023-12-22 13:13:04,49.776
294,2023-12-22 13:13:05,49.776
295,2023-12-22 13:13:06,49.774
296,2023-12-22 13:13:07,49.775
297,2023-12-22 13:13:08,49.781
298,2023-12-22 13:13:09,49.787
299,2023-12-22 13:13:10,49.788
300,2023-12-22 13:13:11,49.784
301,2023-12-22 13:13:12,49.782
302,2023-12-22 13:13:13,49.781
303,2023-12-22 13:13:14,49.781
304,2023-12-22 13:13:15,49.786
305,2023-12-22 13:13:16,49.781
306,2023-12-22 13:13:17,49.776
307,2023-12-22 13:13:18,49.776
308,2023-12-22 13:13:19,49.773
309,2023-12-22 13:13:20,49.771
310,2023-12-22 13:13:21,49.769
311,2023-12-22 13:13:22,49.771
312,2023-12-22 13:13:23,49.775
313,2023-12-22 13:13:24,49.776
314,2023-12-22 13:13:25,49.778
315,2023-12-22 13:13:26,49.784
316,2023-12-22 13:13:27,49.785
317,2023-12-22 13:13:28,49.784
318,2023-12-22 13:13:29,49.785
319,2023-12-22 13:13:30,49.789
320,2023-12-22 13:13:31,49.792
321,2023-12-22 13:13:32,49.793
322,2023-12-22 13:13:33,49.790
323,2023-12-22 13:13:34,49.789
324,2023-12-22 13:13:35,49.784
325,2023-12-22 13:13:36,49.782
326,2023-12-22 13:13:37,49.780
327,2023-12-22 13:13:38,49.782
328,2023-12-22 13:13:39,49.782
329,2023-12-22 13:13:40,49.781
330,2023-12-22 13:13:41,49.779
331,2023-12-22 13:13:42,49.784
332,2023-12-22 13:13:43,49.788
333,2023-12-22 13:13:44,49.788
334,2023-12-22 13:13:45,49.781
335,2023-12-22 13:13:46,49.781
336,2023-12-22 13:13:47,49.778
337,2023-12-22 13:13:48,49.776
338,2023-12-22 13:13:49,49.780
339,2023-12-22 13:13:50,49.777
340,2023-12-22 13:13:51,49.780
341,2023-12-22 13:13:52,49.776
342,2023-12-22 13:13:53,49.783
343,2023-12-22 13:13:54,49.784
344,2023-12-22 13:13:55,49.786
345,2023-12-22 13:13:56,49.785
346,2023-12-22 13:13:57,49.781
347,2023-12-22 13:13:58,49.776
348,2023-12-22 13:13:59,49.776
349,2023-12-22 13:14:00,49.773
350,2023-12-22 13:14:01,49.776
351,2023-12-22 13:14:02,49.782
352,2023-12-22 13:14:03,49.785
353,2023-12-22 13:14:04,49.780
354,2023-12-22 13:14:05,49.782
355,2023-12-22 13:14:06,49.780
356,2023-12-22 13:14:07,49.777
357,2023-12-22 13:14:08,49.775
358,2023-12-22 13:14:09,49.772
359,2023-12-22 13:14:10,49.773
